,Compound Score,Date,Negative Score,Neutral Score,Positive Score,Screen Name,Tweet,Tweets Ago
0,0.4019,2018-06-04 02:15:06+00:00,0.0,0.863,0.137,CNN,Former US Attorney Preet Bharara says President Trump's political allies are clearly receiving a message from his p‚Ä¶ https://t.co/w0ckxhDKDi,1
1,0.0,2018-06-04 02:00:12+00:00,0.0,1.0,0.0,CNN,Disney embraces $15 minimum wage in negotiations with workers https://t.co/5YKaVxqJ2u https://t.co/0n7XSHDfKn,2
2,0.1027,2018-06-04 01:45:05+00:00,0.157,0.663,0.181,CNN,French Open marathon man Alexander Zverev makes first grand slam quarterfinal https://t.co/yAQeSZGiUa https://t.co/eg9WmcksBh,3
3,-0.9246,2018-06-04 01:30:13+00:00,0.489,0.511,0.0,CNN,"""Her only weapon was her medical vest."" Palestinians mourn the death of a nurse killed by Israeli forces.‚Ä¶ https://t.co/ppQdV22e5L",4
4,0.0,2018-06-04 01:15:12+00:00,0.0,1.0,0.0,CNN,Actor Benedict Cumberbatch saves cyclist from muggers https://t.co/D0zALzFoCY https://t.co/hnQTowlGH9,5
5,-0.4588,2018-06-04 01:00:10+00:00,0.15,0.85,0.0,CNN,"Former New Jersey Gov. Chris Christie says it's an ""outrageous claim"" that President Trump can't obstruct justice‚Ä¶ https://t.co/A1Xlidjyzk",6
6,-0.4939,2018-06-04 00:45:10+00:00,0.225,0.775,0.0,CNN,"Nearly 100 women suffered under dancing doctor's scalpel, lawyer says https://t.co/JKCekjz8bw https://t.co/4q69tZuiu1",7
7,0.4939,2018-06-04 00:30:03+00:00,0.0,0.862,0.138,CNN,"When he was a kid, Richard Jenkins raised his hand in class so often bullies started calling him ""Harvard.""

Now, a‚Ä¶ https://t.co/okoYkkhJdn",8
8,-0.8316,2018-06-04 00:15:07+00:00,0.464,0.536,0.0,CNN,Author Germaine Greer's dangerous ideas about rape https://t.co/cPrlwOCoPW (via @CNNOpinion) https://t.co/3vhDQGV5GJ,9
9,0.0,2018-06-04 00:00:09+00:00,0.0,1.0,0.0,CNN,"Sen. Bob Corker says GOP senators are working on plan to ""push back"" on Trump policy https://t.co/fx2wMRSMWZ https://t.co/xRiqlqwL7C",10
10,0.0,2018-06-03 23:45:02+00:00,0.0,1.0,0.0,CNN,"President Trump says Senate Democrats are ""resisting the will"" of voters https://t.co/E4qbFMRLPe https://t.co/7QE2uCdt7R",11
11,-0.7269,2018-06-03 23:30:50+00:00,0.353,0.647,0.0,CNN,This FBI agent lost his gun during a dance-floor backflip and accidentally shot a bar patron https://t.co/ICK3IAFrgs https://t.co/cTfVCE5v9m,12
12,-0.2263,2018-06-03 23:15:08+00:00,0.151,0.755,0.094,CNN,"Gaza militants fire rockets towards Israel, and Israel Defense Forces responds with airstrikes‚Ä¶ https://t.co/jStVpnYZly",13
13,0.0,2018-06-03 23:00:04+00:00,0.0,1.0,0.0,CNN,Dog dies during Delta Air Lines layover in Michigan https://t.co/vmHsRHK4xU https://t.co/QdyLmeQ0u0,14
14,0.34,2018-06-03 22:45:04+00:00,0.0,0.833,0.167,CNN,Is President Trump giving North Korea a pass on nukes? https://t.co/4jzsC63v3e (via @CNNOpinion) https://t.co/8FRCEkoVAh,15
15,0.5267,2018-06-03 22:30:09+00:00,0.0,0.746,0.254,CNN,Ben Maher takes St Tropez Global Champions Tour title https://t.co/ELTEABvr3E https://t.co/0oCYM8Zxfq,16
16,0.34,2018-06-03 22:15:05+00:00,0.111,0.657,0.232,CNN,"No sanctions relief without steps to denuclearize, US Defense Secretary James Mattis tells North Korea‚Ä¶ https://t.co/IVl6Za5v2Z",17
17,0.0,2018-06-03 22:00:10+00:00,0.0,1.0,0.0,CNN,Former President Bill Clinton says an impeachment process over the Russia probe would be underway if a Democrat wer‚Ä¶ https://t.co/znmtIDv8nr,18
18,0.1531,2018-06-03 21:52:05+00:00,0.137,0.685,0.178,CNN,Silent forms of protest make bold statements at Parkland graduation https://t.co/nM71NgD7PO https://t.co/HIUt6o4qaA,19
19,-0.3612,2018-06-03 21:45:06+00:00,0.152,0.848,0.0,CNN,Kansas Republican gubernatorial candidate Kris Kobach criticized for riding in a parade with a replica gun‚Ä¶ https://t.co/jcbwKUMOJa,20
20,0.0,2018-06-03 21:30:13+00:00,0.0,1.0,0.0,CNN,Jimmy Fallon crashes Marjory Stoneman Douglas graduation https://t.co/hOq6DiF2Fu https://t.co/hDqlcJtxJt,21
21,0.0,2018-06-03 21:15:03+00:00,0.0,1.0,0.0,CNN,"Thousands of acres ablaze in California, Colorado and New Mexico https://t.co/6nNgmuzJiS https://t.co/tQ0yCa6GoF",22
22,0.0,2018-06-03 21:00:07+00:00,0.0,1.0,0.0,CNN,"President Trump's lawyer, Rudy Giuliani, says Trump shouldn't testify because ""our recollections keep changing""‚Ä¶ https://t.co/mxFcjU5YD3",23
23,-0.0772,2018-06-03 20:45:12+00:00,0.14,0.86,0.0,CNN,A solemn graduation for Marjory Stoneman Douglas seniors https://t.co/NqcmGRbxFc https://t.co/pJlnA5slXv,24
24,0.0,2018-06-03 20:30:11+00:00,0.0,1.0,0.0,CNN,Ford dropped cars but it's keeping the Mustang. Here's why: https://t.co/gWdeLfWmch https://t.co/gHvz0gs8jr,25
25,-0.6369,2018-06-03 20:15:09+00:00,0.296,0.704,0.0,CNN,Vatican replaces archbishop convicted of concealing child sex abuse https://t.co/NaFmQHVdN1 https://t.co/q0y3QV8Awp,26
26,0.4588,2018-06-03 20:00:18+00:00,0.0,0.824,0.176,CNN,"Even the race to replace ""Putin's favorite Congressman"" unlikely to hinge on Russia https://t.co/EZUt9qXrLY https://t.co/2o1HuDUTFk",27
27,0.0,2018-06-03 19:45:08+00:00,0.0,1.0,0.0,CNN,President Trump to host Ramadan dinner https://t.co/ZNoR75CrRA https://t.co/P1X4g2FQ7F,28
28,-0.8807,2018-06-03 19:30:03+00:00,0.421,0.579,0.0,CNN,"Hamptons ""builder to the stars"" among those feared dead in plane crash off Long Island https://t.co/aTSXQjz7L7 https://t.co/ZYiANx7mrD",29
29,0.0,2018-06-03 19:15:06+00:00,0.0,1.0,0.0,CNN,Kuwait wants to foster more private sector firms as part of sweeping diversification plans https://t.co/tTy6dyJnR6 https://t.co/WvNLE1DXfe,30
30,-0.3182,2018-06-03 19:00:09+00:00,0.141,0.859,0.0,CNN,"Trump lawyers say he ""dictated"" statement on Trump Tower meeting, contradicting past denials https://t.co/vlFcqx1uiM https://t.co/14C2HmISbW",31
31,-0.6671,2018-06-03 18:45:03+00:00,0.375,0.496,0.129,CNN,Trade wars are scary. Why isn't Wall Street freaking out? https://t.co/DFElDvMhKZ https://t.co/QWAZEMnoSj,32
32,-0.5106,2018-06-03 18:30:06+00:00,0.223,0.777,0.0,CNN,Residents stranded with no power and water in area cut off by lava in Hawaii https://t.co/pxQjUKmjKk https://t.co/MJbm9rllIJ,33
33,0.0,2018-06-03 18:15:07+00:00,0.0,1.0,0.0,CNN,What to expect at Monday's Apple event https://t.co/HXt7nltvOW https://t.co/TbQHmijp2P,34
34,-0.296,2018-06-03 18:00:10+00:00,0.136,0.864,0.0,CNN,Looking for lower Medicare drug costs? Ask your pharmacist for the cash price https://t.co/81QmKI8Xnm https://t.co/P3vUBOYPvJ,35
35,0.4019,2018-06-03 17:45:09+00:00,0.0,0.847,0.153,CNN,"Former US attorney Preet Bharara says President Trump pardoning himself would be ""almost self-executing impeachment‚Ä¶ https://t.co/YhJVsmthKn",36
36,-0.4939,2018-06-03 17:30:15+00:00,0.242,0.758,0.0,CNN,Canadian official Chrystia Freeland calls President Trump's tariffs insulting https://t.co/2JonOUzB4s https://t.co/mKSO8N04SK,37
37,0.0,2018-06-03 17:15:08+00:00,0.0,1.0,0.0,CNN,How one month reshaped the US immigration landscape https://t.co/b3DFeEC3db https://t.co/YhNFc9UFpC,38
38,-0.25,2018-06-03 17:00:11+00:00,0.167,0.833,0.0,CNN,"""The Americans"" made motherhood the ultimate disguise https://t.co/jrF6Wjj933 (via @CNNopinion) https://t.co/2K1MMwKEjk",39
39,-0.5574,2018-06-03 16:45:09+00:00,0.265,0.735,0.0,CNN,"""Solo: A Star Wars Story"" sinks 65% in second weekend https://t.co/xyeQpChuu2 https://t.co/kp2Md6qfxx",40
40,0.0,2018-06-03 16:30:13+00:00,0.0,1.0,0.0,CNN,The New York Times highlights EPA Administrator Scott Pruitt's cozy relationship with a coal baron‚Ä¶ https://t.co/VUv05naQ8O,41
41,0.0,2018-06-03 16:15:53+00:00,0.0,1.0,0.0,CNN,"""That's not what the American people, I think, would be able to stand for."" Former US attorney Preet Bharara says i‚Ä¶ https://t.co/InFFVlGCaA",42
42,0.0,2018-06-03 16:00:09+00:00,0.0,1.0,0.0,CNN,Samantha Bee will address vulgar comment about Ivanka Trump on her show https://t.co/OyIbHMShHx https://t.co/KZvpq2sW3R,43
43,-0.7269,2018-06-03 15:45:08+00:00,0.392,0.608,0.0,CNN,"FBI agent loses his gun during dance-floor backflip, accidentally shoots bar patron https://t.co/F61P7oVf0C https://t.co/kaCXlPkI9r",44
44,-0.34,2018-06-03 15:30:19+00:00,0.13,0.87,0.0,CNN,"Southwest Airlines comes under fire after an agent asks a mom to ""prove"" biracial child is hers‚Ä¶ https://t.co/BTjEHSyG5H",45
45,-0.2732,2018-06-03 15:00:13+00:00,0.116,0.884,0.0,CNN,The US Geological Survey has warned people not to roast marshmallows over volcanic vents in Hawaii https://t.co/j8bf0QdcBk,46
46,-0.1027,2018-06-03 14:45:05+00:00,0.08,0.92,0.0,CNN,"Vermont has a new law that will pay workers $10,000 to move there and work remotely https://t.co/BOsRh6adek https://t.co/BafSsgoD5f",47
47,-0.802,2018-06-03 14:30:06+00:00,0.353,0.647,0.0,CNN,Parents of Parkland victims are outraged about a new video game that would let players shoot up a school‚Ä¶ https://t.co/7cLz5FT10V,48
48,-0.8316,2018-06-03 14:00:23+00:00,0.328,0.672,0.0,CNN,"More than 120 pregnant whales were killed during Japan's annual hunt last summer, prompting outrage among conservat‚Ä¶ https://t.co/AMpERnhYGv",49
49,0.4939,2018-06-03 13:45:08+00:00,0.0,0.862,0.138,CNN,"When he was a kid, Richard Jenkins raised his hand in class so often bullies started calling him ""Harvard.""

Now, a‚Ä¶ https://t.co/0prHEtH5ZV",50
50,-0.765,2018-06-03 13:31:09+00:00,0.268,0.732,0.0,CNN,These crosses represent each victim killed in the Santa Fe High School shooting. Retired carpenter Greg Zanis has b‚Ä¶ https://t.co/mkX59AneVF,51
51,0.0,2018-06-03 13:15:04+00:00,0.0,1.0,0.0,CNN,A Catholic school told its valedictorian his speech was too political. So he gave it outside on a bullhorn.‚Ä¶ https://t.co/FIG7Jh43zR,52
52,0.4939,2018-06-03 13:00:17+00:00,0.0,0.862,0.138,CNN,"When he was a kid, Richard Jenkins raised his hand in class so often bullies started calling him ""Harvard.""

Now, a‚Ä¶ https://t.co/q25qpxE052",53
53,-0.5574,2018-06-03 12:46:02+00:00,0.159,0.841,0.0,CNN,"""Chris, we've got your baby girl"": Army Spc. Christopher M. Harris died serving in Afghanistan, just days after lea‚Ä¶ https://t.co/RrOAxDYdWC",54
54,0.1695,2018-06-03 12:30:19+00:00,0.0,0.919,0.081,CNN,"""Don't forget to show love"": In a superhero cape, he feeds the hungry and homeless in Birmingham, Alabama. And he's‚Ä¶ https://t.co/WZm3BWvrbN",55
55,0.0,2018-06-03 12:15:03+00:00,0.0,1.0,0.0,CNN,Roseanne Barr says she begged ABC executives to keep her show on the air before the network canceled its hit sitcom‚Ä¶ https://t.co/FcCBIrH65R,56
56,0.4767,2018-06-03 11:45:06+00:00,0.0,0.846,0.154,CNN,"Alabama school administrators, who get approval from local authorities and go through training, will be permitted t‚Ä¶ https://t.co/lYSarBzcgW",57
57,-0.34,2018-06-03 11:30:09+00:00,0.216,0.637,0.147,CNN,"""Black lives don't matter,"" lawyer says after jury awards $4 in police killing https://t.co/DJTzgOXbfE https://t.co/nuBDS1RJKL",58
58,0.1531,2018-06-03 11:15:12+00:00,0.0,0.914,0.086,CNN,Only one more state needs to pass the Equal Rights Amendment to finally get it ratified https://t.co/y35AIYdJyp https://t.co/fc0zvM7b5G,59
59,0.2732,2018-06-03 11:00:20+00:00,0.0,0.913,0.087,CNN,Televangelist Jesse Duplantis says God spoke to him and wants him to get a new private jet that can cost up to $54‚Ä¶ https://t.co/ZWQGuPcxiD,60
60,0.0,2018-06-03 10:45:15+00:00,0.0,1.0,0.0,CNN,He was an NFL player. Now he's a Juilliard-trained opera singer. https://t.co/ItAsUVK7mh https://t.co/Eo1zyElF2q,61
61,0.0,2018-06-03 10:31:05+00:00,0.0,1.0,0.0,CNN,This Chick-fil-A franchise owner is raising wages at his store to $17 an hour https://t.co/gjTVQnQzPL https://t.co/b8pVRyrNee,62
62,0.3612,2018-06-03 10:15:06+00:00,0.0,0.844,0.156,CNN,A high school football player who takes cannabis oil to prevent his seizures has been ruled ineligible to play in c‚Ä¶ https://t.co/dxQvn0Zqqg,63
63,0.25,2018-06-03 10:00:13+00:00,0.0,0.909,0.091,CNN,Ivanka Trump has been granted seven new trademarks in China as her father continues trade talks with Beijing -- and‚Ä¶ https://t.co/KU3eraKgNT,64
64,0.0,2018-06-03 09:46:25+00:00,0.0,1.0,0.0,CNN,"Syrian President is to meet Kim Jong Un in North Korea, report says https://t.co/b6HeqI6RJG",65
65,0.0,2018-06-03 09:31:21+00:00,0.0,1.0,0.0,CNN,"Becky McCabe got down on one knee to propose to her girlfriend, Jessa Gillaspie. Jessa shrieked and immediately rea‚Ä¶ https://t.co/eO2lkzyzCd",66
66,0.3612,2018-06-03 09:00:08+00:00,0.0,0.844,0.156,CNN,A high school football player who takes cannabis oil to prevent his seizures has been ruled ineligible to play in c‚Ä¶ https://t.co/vI9KwkNwA1,67
67,-0.4215,2018-06-03 08:30:17+00:00,0.113,0.887,0.0,CNN,This 8-year-old Georgia boy was with his mom when he saw an elderly woman struggling to climb the stairs with her w‚Ä¶ https://t.co/UoGLZU54Kj,68
68,0.0,2018-06-03 08:00:14+00:00,0.0,1.0,0.0,CNN,A teacher in Georgia responded the only way she knew how after receiving a letter from President Trump filled with‚Ä¶ https://t.co/y07WzGq2JC,69
69,0.2244,2018-06-03 07:30:07+00:00,0.0,0.9,0.1,CNN,"In 1997, a 6th-grade teacher wrote ""Invite me to your Harvard graduation!"" on a student's report card. Twenty-one y‚Ä¶ https://t.co/S9wB18o8ox",70
70,-0.296,2018-06-03 07:00:10+00:00,0.171,0.714,0.114,CNN,"A soldier died before meeting his baby, so his Army family welcomed her with open arms https://t.co/8sYSpYz1Yk https://t.co/bS0LWwOxeR",71
71,-0.4939,2018-06-03 06:30:24+00:00,0.127,0.873,0.0,CNN,A man went to a salon and learned to do his wife's hair after she suffered a stroke and was unable to style it hers‚Ä¶ https://t.co/tiYCyEPUOz,72
72,0.0,2018-06-03 06:00:21+00:00,0.0,1.0,0.0,CNN,"Rapper Falz's ""This is Nigeria"" video holds up a mirror for the country https://t.co/xdmgSkxpOO https://t.co/U1d6dzvPMY",73
73,0.4215,2018-06-03 05:30:03+00:00,0.0,0.865,0.135,CNN,A young Malian migrant who rescued a child dangling from a balcony will be made a French citizen and has been offer‚Ä¶ https://t.co/atbtW5sNuU,74
74,0.3182,2018-06-03 05:06:58+00:00,0.082,0.776,0.142,CNN,"North Korea will not get any sanctions relief until it has demonstrated ""verifiable and irreversible"" steps to denu‚Ä¶ https://t.co/VaNkJqq3yH",75
75,-0.9524,2018-06-03 05:00:25+00:00,0.517,0.483,0.0,CNN,Iraq War veteran Pat Ryan is running for Congress. He‚Äôs calling for an assault weapons ban: ‚ÄúThe weapons that I car‚Ä¶ https://t.co/MIcdUn6IJk,76
76,0.2023,2018-06-03 04:30:05+00:00,0.0,0.924,0.076,CNN,"South Korean boy band @BTS_twt has become the first K-pop group to top the US Billboard 200 chart, with the debut o‚Ä¶ https://t.co/e4pbDzVIH1",77
77,0.0,2018-06-03 04:00:12+00:00,0.0,1.0,0.0,CNN,"Archaeologists working at the ancient Roman city of Pompeii, Italy, uncovered the remains of a 30-year-old man who‚Ä¶ https://t.co/Al0C75DN9F",78
78,0.8602,2018-06-03 03:30:09+00:00,0.0,0.631,0.369,CNN,NFL star JJ Watt has been awarded an honorary doctorate degree for raising over $37 million to help with recovery e‚Ä¶ https://t.co/BTUkyeC2Id,79
79,0.4767,2018-06-03 03:00:09+00:00,0.0,0.744,0.256,CNN,Proceeds from economist's Nobel medal donated to non-profit https://t.co/kX9n19xQSv https://t.co/EFoIzSC9LV,80
80,0.3612,2018-06-03 02:30:11+00:00,0.0,0.865,0.135,CNN,Republican Sen. John McCain says he supports effort to force immigration bill to House floor https://t.co/16TqOGGc9Y https://t.co/9tRcu1XvXe,81
81,0.0,2018-06-03 02:00:13+00:00,0.0,1.0,0.0,CNN,"The largest wildfire in California's modern history is finally out, more than 6 months after it started‚Ä¶ https://t.co/ghBrwkNqi1",82
82,-0.5574,2018-06-03 01:33:37+00:00,0.153,0.847,0.0,CNN,"A dog being flown by Delta Air Lines from Phoenix to Newark, New Jersey, died during a layover in Detroit, the airl‚Ä¶ https://t.co/CIZZl7NzWT",83
83,0.4404,2018-06-03 01:30:10+00:00,0.0,0.775,0.225,CNN,Why startup visas are good for America https://t.co/jlC9GmqkEK (via @CNNOpinion) https://t.co/leqIYx9wu2,84
84,-0.4939,2018-06-03 01:00:07+00:00,0.227,0.657,0.116,CNN,"Four killings, including one of prominent psychologist, in Arizona are likely connected, police say‚Ä¶ https://t.co/bN8Wy37Uzp",85
85,0.0,2018-06-03 00:30:04+00:00,0.0,1.0,0.0,CNN,Virginia GOP chooses replacement for 5th district nominee https://t.co/aidAnQaUJT https://t.co/40fjghIVmj,86
86,0.2023,2018-06-03 00:00:12+00:00,0.0,0.921,0.079,CNN,"Valerie Jarrett, former top aide to President Obama, makes an appeal to get out the vote in 2018, saying ""it's time‚Ä¶ https://t.co/kOuEcwmX9X",87
87,-0.6124,2018-06-02 23:46:19+00:00,0.174,0.826,0.0,CNN,"""The Big Bang Theory"" star Jim Parsons tells @VanJones68 he thought about Roseanne Barr's racist tweet ""on an emoti‚Ä¶ https://t.co/DZ5mZaqIkP",88
88,0.2023,2018-06-02 23:30:04+00:00,0.0,0.878,0.122,CNN,Kenyan President orders top officials to take lie-detector tests in corruption crackdown https://t.co/jaKPXboTt1 https://t.co/q5lY5cX0jq,89
89,0.0,2018-06-02 23:20:12+00:00,0.0,1.0,0.0,CNN,An attorney representing three women in cases against a doctor known for singing and dancing while performing surge‚Ä¶ https://t.co/Dog9UV2r2w,90
90,0.0,2018-06-02 23:15:43+00:00,0.0,1.0,0.0,CNN,"""The crew, the people you don't see, the people you don't know ‚Äî there are so many people employed..."" Actor Jim Pa‚Ä¶ https://t.co/hlRURomCmj",91
91,0.765,2018-06-02 23:00:06+00:00,0.0,0.625,0.375,CNN,Five Star Movement supporters rally in Rome to celebrate new government https://t.co/TG0G0PfQ8Q https://t.co/khOs2BwJFL,92
92,0.0,2018-06-02 23:00:01+00:00,0.0,1.0,0.0,CNN,"The 30-year-old man who was still living with his parents says that he finally moved out, 10 days after a judge ord‚Ä¶ https://t.co/SJnu3AdCmf",93
93,-0.34,2018-06-02 22:45:40+00:00,0.169,0.72,0.11,CNN,"""The Big Bang Theory"" star Jim Parsons talks about the fallout surrounding comedian Roseanne Barr's racist tweet, w‚Ä¶ https://t.co/V2jEahrqYU",94
94,0.0,2018-06-02 22:30:13+00:00,0.0,1.0,0.0,CNN,Six major allies blast US over tariffs https://t.co/spgQbkUKR7 https://t.co/XqBSYXUalE,95
95,0.3612,2018-06-02 22:30:00+00:00,0.0,0.839,0.161,CNN,This is what it's like to surf near the Korean Demilitarized Zone https://t.co/8yu12Jk0Uv https://t.co/M3PaYFs75Q,96
96,0.0,2018-06-02 22:18:15+00:00,0.0,1.0,0.0,CNN,"Two climbers fell to their deaths Saturday at Yosemite National Park in California, a park spokeswoman said‚Ä¶ https://t.co/jaQW500EV1",97
97,-0.4215,2018-06-02 22:15:00+00:00,0.113,0.887,0.0,CNN,This 8-year-old Georgia boy was with his mom when he saw an elderly woman struggling to climb the stairs with her w‚Ä¶ https://t.co/C2z0TDF8zu,98
98,0.3612,2018-06-02 22:00:16+00:00,0.0,0.839,0.161,CNN,Fifth federal judge rules HHS unlawfully ended teen pregnancy prevention grant funding https://t.co/FbAHxbgMmb https://t.co/p7iUsaxqQ6,99
99,0.0,2018-06-02 21:45:06+00:00,0.0,1.0,0.0,CNN,Serena Williams to face Maria Sharapova at French Open https://t.co/sVQ0mY8OZ0 https://t.co/hQAbDfu8Lb,100
100,0.1027,2018-06-04 00:51:09+00:00,0.152,0.652,0.196,BBCWorld,Australian bank offers to pay record fine https://t.co/X54adKAeIy,1
101,0.2732,2018-06-03 23:48:56+00:00,0.0,0.741,0.259,BBCWorld,How to inspect a nuclear energy site https://t.co/zA7yYzF0nu,2
102,-0.6486,2018-06-03 23:44:28+00:00,0.35,0.65,0.0,BBCWorld,Guatemala volcano: Several dead as Fuego volcano erupts https://t.co/EKlhDpygr3,3
103,0.296,2018-06-03 23:37:34+00:00,0.0,0.804,0.196,BBCWorld,Shipwrecks: Who owns the treasure hidden under the sea? https://t.co/Z42CdGcIiu,4
104,0.3182,2018-06-03 23:37:34+00:00,0.0,0.839,0.161,BBCWorld,Gender inequality: The simple promise that could get more women into power https://t.co/kR7eklV2Gd,5
105,0.5574,2018-06-03 23:14:51+00:00,0.0,0.723,0.277,BBCWorld,World Cup 2018: The volunteer who wants his city cleaner for the championship https://t.co/6wAOJGP9E1,6
106,0.0,2018-06-03 23:12:35+00:00,0.0,1.0,0.0,BBCWorld,My 84-year-old husband now does my make-up https://t.co/yB5hq7Opbm,7
107,0.0,2018-06-03 23:12:34+00:00,0.0,1.0,0.0,BBCWorld,Why South African children are drowning in toilets https://t.co/MM85mjFJo0,8
108,0.0,2018-06-03 23:12:34+00:00,0.0,1.0,0.0,BBCWorld,The Swiss master watchmaker running out of time https://t.co/yvy00oJpVp,9
109,0.0,2018-06-03 23:10:15+00:00,0.0,1.0,0.0,BBCWorld,'I was looking for my mother but found my twin instead' https://t.co/jb8mzMl6IH,10
110,-0.1027,2018-06-03 20:32:04+00:00,0.287,0.463,0.25,BBCWorld,San Diego marathon: 'Active shooter arrested' https://t.co/oZMq4ZQDCS,11
111,-0.34,2018-06-03 19:45:40+00:00,0.167,0.833,0.0,BBCWorld,Dancing FBI agent drops gun during backflip and shoots man in leg https://t.co/Wpiw9CMX2B,12
112,0.4019,2018-06-03 18:11:52+00:00,0.0,0.748,0.252,BBCWorld,Slovenia election: Anti-immigrant SDS party leads - exit poll https://t.co/QCFVDlM4Hw,13
113,0.0,2018-06-03 16:45:10+00:00,0.0,1.0,0.0,BBCWorld,Soyuz space capsule brings ISS crew back after five month mission https://t.co/KJydJK6Igo,14
114,0.1655,2018-06-03 16:25:39+00:00,0.0,0.858,0.142,BBCWorld,"Trump 'could pardon himself over Russia but won't', says Giuliani https://t.co/ZGtVUwqhSl",15
115,-0.6597,2018-06-03 15:36:34+00:00,0.386,0.614,0.0,BBCWorld,Tunisia boat capsizes killing dozens of migrants https://t.co/sqaXVR8Hno,16
116,-0.8316,2018-06-03 15:33:34+00:00,0.317,0.683,0.0,BBCWorld,"RT @BBCBreaking: A minute's silence falls across the UK as the victims of the #LondonBridge terror attack are remembered, one year on 

htt‚Ä¶",17
117,0.0,2018-06-03 15:15:46+00:00,0.0,1.0,0.0,BBCWorld,'Shooting incident' at Berlin Cathedral https://t.co/qnqbZA2NFw,18
118,0.0,2018-06-03 14:14:09+00:00,0.0,1.0,0.0,BBCWorld,Italy migrants: Matteo Salvini calls for end to Sicily 'refugee camp' https://t.co/6IvAL3iYkI,19
119,-0.8316,2018-06-03 13:06:34+00:00,0.494,0.506,0.0,BBCWorld,Nigeria: Dozens killed by cattle thieves in Zamfara state https://t.co/MJ3VYheo4n,20
120,0.0,2018-06-03 13:04:19+00:00,0.0,1.0,0.0,BBCWorld,Syria's President Assad 'to visit North Korea' https://t.co/3nXJeObtwf,21
121,0.0,2018-06-03 12:26:35+00:00,0.0,1.0,0.0,BBCWorld,"""If you have 80 plastic bags in your stomach, you die"", said one marine biologist 

https://t.co/YM9rZn3Up6",22
122,-0.5994,2018-06-03 11:34:56+00:00,0.302,0.698,0.0,BBCWorld,Tanzanian conjoined twins Maria and Consolata die aged 22 https://t.co/rjRH1yo9b8,23
123,-0.7184,2018-06-03 11:13:29+00:00,0.261,0.739,0.0,BBCWorld,"RT @BBCNews: #LondonBridge: Spanish hero's dad pays tribute to son, who lost his life taking on attackers 

https://t.co/fSp0LYnQr7 https:/‚Ä¶",24
124,-0.1027,2018-06-03 09:30:13+00:00,0.149,0.851,0.0,BBCWorld,China warns US sanctions will void trade talks https://t.co/phUY7BngHb,25
125,-0.2263,2018-06-03 08:01:27+00:00,0.16,0.84,0.0,BBCWorld,RT @BBCBusiness: Jordanians in third night of tax rise protests https://t.co/WDGsu69AkZ,26
126,0.1779,2018-06-03 07:29:52+00:00,0.0,0.841,0.159,BBCWorld,Crafty crayfish removes own claw to escape China hotpot https://t.co/769fJGA0OA,27
127,-0.5994,2018-06-03 06:45:51+00:00,0.328,0.672,0.0,BBCWorld,Yosemite El Capitan: Two climbers fall to death https://t.co/RFQRT04NeJ,28
128,0.0,2018-06-03 05:44:02+00:00,0.0,1.0,0.0,BBCWorld,How I found my biological mother https://t.co/OaqSV3giXa,29
129,-0.25,2018-06-03 03:53:20+00:00,0.281,0.526,0.193,BBCWorld,Venezuela frees 40 jailed activists and politicians https://t.co/FUzDavdvlV,30
130,-0.6124,2018-06-03 01:50:16+00:00,0.286,0.714,0.0,BBCWorld,PC Sorcar: India's 'maharajah of magic' who terrified the UK https://t.co/u7PAOQquYW,31
131,-0.5267,2018-06-03 00:56:42+00:00,0.236,0.764,0.0,BBCWorld,Nicaragua police end church siege after day of terror in Masaya https://t.co/Ny6PmB4y2W,32
132,0.0,2018-06-03 00:28:20+00:00,0.0,1.0,0.0,BBCWorld,The secrets of a diary written on castle floorboards https://t.co/EJ0JZlSDtd,33
133,0.0,2018-06-03 00:28:20+00:00,0.0,1.0,0.0,BBCWorld,North Korea‚Äôs human rights: What Trump and Kim won't talk about https://t.co/GKRaISuNPa,34
134,0.0,2018-06-03 00:28:20+00:00,0.0,1.0,0.0,BBCWorld,Tomorrow's Cities: How Barcelona shushed noise-makers with sensors https://t.co/GxxzTaFPHU,35
135,-0.2263,2018-06-02 23:48:57+00:00,0.192,0.808,0.0,BBCWorld,Jordanians in third night of tax rise protests https://t.co/BMSkk2cuLD,36
136,-0.5994,2018-06-02 23:25:54+00:00,0.328,0.672,0.0,BBCWorld,The online war between Qatar and Saudi Arabia https://t.co/2veAFezuVh,37
137,0.0,2018-06-02 23:16:27+00:00,0.0,1.0,0.0,BBCWorld,Letter from Africa: Mali 'Spiderman' is the superhero of our modern age https://t.co/Bp6TZ4Xj55,38
138,-0.802,2018-06-02 22:50:29+00:00,0.506,0.494,0.0,BBCWorld,G7 ministers criticise US tariffs and warn of trade war https://t.co/EqrAb6xR5n,39
139,-0.7906,2018-06-02 21:30:43+00:00,0.467,0.533,0.0,BBCWorld,Thousands attend funeral for Palestinian nurse killed in Gaza https://t.co/b2A4EKGWFZ,40
140,0.0,2018-06-02 20:48:47+00:00,0.0,1.0,0.0,BBCWorld,Cuba to begin constitutional reforms to formalise ''opening-up' https://t.co/34HeDlM7ew,41
141,-0.6249,2018-06-02 20:39:41+00:00,0.362,0.638,0.0,BBCWorld,US teacher 'who fed sick puppy to snapping turtle' charged https://t.co/yxGK1PaNVs,42
142,-0.5574,2018-06-02 17:44:42+00:00,0.265,0.735,0.0,BBCWorld,Whale that died off Thailand had eaten 80 plastic bags https://t.co/hl8kQ3ZodI,43
143,-0.765,2018-06-02 16:34:28+00:00,0.485,0.515,0.0,BBCWorld,Gaza violence: Thousands attend funeral for Palestinian medic https://t.co/OjoOAmAAfQ,44
144,0.0,2018-06-02 16:25:51+00:00,0.0,1.0,0.0,BBCWorld,ü§§ https://t.co/RKSxSSVI9o,45
145,-0.0258,2018-06-02 15:24:11+00:00,0.219,0.571,0.21,BBCWorld,Australia alert after ship loses 83 containers https://t.co/xRMA5dxI1r,46
146,-0.6808,2018-06-02 15:24:11+00:00,0.412,0.588,0.0,BBCWorld,South China Sea dispute: Beijing attacks 'irresponsible' US comments https://t.co/tJlmkD2ms5,47
147,0.0,2018-06-02 15:07:22+00:00,0.0,1.0,0.0,BBCWorld,"How an unusually large letter has helped bring Donald Trump and Kim Jong-un closer 

https://t.co/tcHuCfrcbH https://t.co/hRJt09OdCd",48
148,-0.802,2018-06-02 14:25:42+00:00,0.396,0.604,0.0,BBCWorld,Egypt's Sisi sworn in for second term with vow to fight terrorism https://t.co/58rrs2TMVw,49
149,0.0,2018-06-02 12:03:49+00:00,0.0,1.0,0.0,BBCWorld,"RT @BBCSport: Russian cosmonauts tested the official 2018 World Cup ball in the zero-gravity of the International Space Station.

üé•üëâ https:‚Ä¶",50
150,0.0,2018-06-02 11:51:41+00:00,0.0,1.0,0.0,BBCWorld,Pedro S√°nchez is sworn in as Spain's new prime minister https://t.co/sxArXV72nn,51
151,0.0,2018-06-02 10:23:45+00:00,0.0,1.0,0.0,BBCWorld,Kashmir unrest as protester run over by police dies https://t.co/VJDXsPttv3,52
152,0.0,2018-06-02 10:21:41+00:00,0.0,1.0,0.0,BBCWorld,"RT @bbcstories: ‚ö°Ô∏è ‚Äú'I woke up and didn't recognise my wife'‚Äù

https://t.co/BwELl1oJgA",53
153,0.4767,2018-06-02 10:02:26+00:00,0.0,0.693,0.307,BBCWorld,Google 'to end' Pentagon Artificial Intelligence project https://t.co/IXXUpKf29W,54
154,0.2023,2018-06-02 09:36:50+00:00,0.0,0.847,0.153,BBCWorld,Buffalo Wild Wings apologises over 'awful' tweets in targeted hacking https://t.co/37mZYHsxbz,55
155,-0.2732,2018-06-02 07:34:12+00:00,0.087,0.913,0.0,BBCWorld,"RT @BBCSport: Morocco's bid to host the 2026 World Cup has passed a Fifa inspection.

But it's deemed ""high risk"" in three areas.

üëâ https:‚Ä¶",56
156,-0.5719,2018-06-02 06:54:02+00:00,0.291,0.709,0.0,BBCWorld,Brian De Palma: Hollywood director writing Weinstein 'horror film' https://t.co/bURK1t4elJ,57
157,-0.296,2018-06-02 05:00:37+00:00,0.239,0.761,0.0,BBCWorld,US-North Korea: Trump gets a strangely large letter https://t.co/mrfZ0T0ilj,58
158,-0.6808,2018-06-02 04:01:07+00:00,0.412,0.588,0.0,BBCWorld,South China Sea dispute: Mattis says China 'intimidating neighbours' https://t.co/VqhLBO98sC,59
159,-0.6908,2018-06-02 00:16:21+00:00,0.449,0.551,0.0,BBCWorld,US millionaire charged with labourer's nuclear bunker death https://t.co/hW0qaYH0sl,60
160,0.4215,2018-06-02 00:01:51+00:00,0.0,0.714,0.286,BBCWorld,Why Iranians are sharing their #MeToo moments https://t.co/hegY10CRfU,61
161,-0.4404,2018-06-02 00:01:51+00:00,0.244,0.756,0.0,BBCWorld,"Are you scared yet? Meet Norman, the psychopathic AI https://t.co/rXqsnAfLj0",62
162,0.0,2018-06-02 00:01:51+00:00,0.0,1.0,0.0,BBCWorld,Russia 2018: Why a single nation may never host the World Cup again https://t.co/oyA3C3HSzr,63
163,0.0,2018-06-02 00:01:51+00:00,0.0,1.0,0.0,BBCWorld,Ramadan: Women's 'shame' of eating during menstruation https://t.co/rVn67vk68u,64
164,0.128,2018-06-02 00:01:51+00:00,0.233,0.485,0.282,BBCWorld,How Mozambique's ruby smugglers nurtured jihadists https://t.co/5qx8G06ivF,65
165,-0.3182,2018-06-02 00:01:51+00:00,0.247,0.753,0.0,BBCWorld,The women who fought against gender equality https://t.co/LPykX6hBe3,66
166,-0.4215,2018-06-01 23:36:00+00:00,0.359,0.641,0.0,BBCWorld,Street art where it's forbidden https://t.co/xeWrO0rVts,67
167,0.0,2018-06-01 23:36:00+00:00,0.0,1.0,0.0,BBCWorld,Belief in sorcery is rife in Papua New Guinea. https://t.co/BwnerF1TtN,68
168,-0.4939,2018-06-01 21:11:42+00:00,0.127,0.873,0.0,BBCWorld,"RT @BBCBreaking: Visa says cardholders should now be able to use their cards, with systems operating at ""close to normal"" levels, blaming e‚Ä¶",69
169,-0.5994,2018-06-01 20:38:58+00:00,0.281,0.719,0.0,BBCWorld,Five people die in US romaine lettuce E. coli outbreak https://t.co/EFV8nlUpVz,70
170,-0.3182,2018-06-01 20:17:07+00:00,0.223,0.777,0.0,BBCWorld,LA police led on bizarre slow car chase https://t.co/d10E98vWUe,71
171,0.0,2018-06-01 20:14:16+00:00,0.0,1.0,0.0,BBCWorld,Bare-knuckle boxing makes US comeback after 130 years https://t.co/SXVUPKR6P4,72
172,0.0,2018-06-01 19:45:17+00:00,0.0,1.0,0.0,BBCWorld,Trump: ‚ÄòIt‚Äôs a get-to-know-you situation‚Äô https://t.co/hBGPgbYuwg,73
173,-0.4939,2018-06-01 19:43:02+00:00,0.344,0.656,0.0,BBCWorld,Brazil Petrobras oil boss Pedro Parente resigns amid protests https://t.co/HikgL2CyG9,74
174,0.0387,2018-06-01 18:58:19+00:00,0.056,0.882,0.062,BBCWorld,"RT @awzurcher: Trump says the US had ""hundreds"" of new sanctions it was ready to impose on North Korea, but has decided for now not to impl‚Ä¶",75
175,0.0,2018-06-01 18:58:16+00:00,0.0,1.0,0.0,BBCWorld,"RT @awzurcher: After saying that the letter to him from Kim Jong-un was ""very nice"", Trump now says that he hasn't read or even opened the‚Ä¶",76
176,-0.5267,2018-06-01 18:58:13+00:00,0.167,0.833,0.0,BBCWorld,RT @awzurcher: One thing Trump says he *didn't* talk about with Kim Yong-Chol: North Korean human rights violations.,77
177,0.0,2018-06-01 18:58:09+00:00,0.0,1.0,0.0,BBCWorld,"RT @awzurcher: Trump downplays objectives for Singapore summit: ""We‚Äôre not going to go in and sign something on June 12.""",78
178,0.0,2018-06-01 18:47:06+00:00,0.0,1.0,0.0,BBCWorld,"RT @BBCBreaking: Donald Trump's summit with Kim Jong-un on 12 June is back on, the US president says, a week after it was scrapped https://‚Ä¶",79
179,0.2023,2018-06-01 17:38:28+00:00,0.0,0.816,0.184,BBCWorld,Top North Korean official arrives at White House https://t.co/66DjTm20Hf,80
180,0.0,2018-06-01 17:15:11+00:00,0.0,1.0,0.0,BBCWorld,World Cup 2018: Nigeria kit sells out after three million pre-orders https://t.co/m1U4Q275NT,81
181,-0.0516,2018-06-01 17:04:15+00:00,0.132,0.743,0.125,BBCWorld,"RT @BBCNews: ""Nobody wins in a trade war, there are only casualties""

Trade Sec Liam Fox reacts to US steel tariffs, saying it's ""very, ver‚Ä¶",82
182,0.0,2018-06-01 17:03:58+00:00,0.0,1.0,0.0,BBCWorld,RT @BBCSteveR: The USSR still exists (as an ice cream) https://t.co/DaUeeIExh4,83
183,0.0,2018-06-01 17:02:30+00:00,0.0,1.0,0.0,BBCWorld,"Michael Rotondo, evicted New York son, moves out after Lego row https://t.co/DIjiyz5wXI",84
184,-0.5256,2018-06-01 17:02:28+00:00,0.139,0.861,0.0,BBCWorld,"RT @BBCNews: Prime Minister Theresa May says she's ""deeply disappointed"" by US tariffs, calling for UK and EU to be ""permanently exempted""‚Ä¶",85
185,0.0,2018-06-01 16:04:55+00:00,0.0,1.0,0.0,BBCWorld,US school official convicted for shooting teen over drugs https://t.co/yKc0dQBEQb,86
186,-0.5106,2018-06-01 15:51:08+00:00,0.163,0.837,0.0,BBCWorld,RT @BBCBreaking: Visa says some card payments are currently failing across the UK and elsewhere in Europe https://t.co/3IJ9nksdEc,87
187,-0.2732,2018-06-01 15:29:17+00:00,0.231,0.769,0.0,BBCWorld,US jobless rate falls to 18-year low https://t.co/gzuLatm6dP,88
188,0.0,2018-06-01 15:24:11+00:00,0.0,1.0,0.0,BBCWorld,Vogue Arabia defends Saudi princess cover https://t.co/cYCDe6Ypbt,89
189,-0.6369,2018-06-01 15:21:21+00:00,0.16,0.84,0.0,BBCWorld,"""Sometimes I even cook with it. Put it in food and eat it"" üíäüíä
How the abuse of painkiller Tramadol is sweeping thro‚Ä¶ https://t.co/Hh7ANZkmr9",90
190,0.0,2018-06-01 14:54:48+00:00,0.0,1.0,0.0,BBCWorld,Kenyan officials to take polygraph tests to tackle corruption https://t.co/N1wtJx6Wy4,91
191,0.128,2018-06-01 14:53:27+00:00,0.0,0.941,0.059,BBCWorld,"RT @BBCNewsbeat: Kanye West has just dropped his seven track album, #Ye and he launched it last night in the most Kanye West way imaginable‚Ä¶",92
192,0.0,2018-06-01 14:52:29+00:00,0.0,1.0,0.0,BBCWorld,Italy populists in power: What now? https://t.co/hqMo2BHSER,93
193,0.0,2018-06-01 14:28:59+00:00,0.0,1.0,0.0,BBCWorld,Giuseppe Conte sworn in as Italian PM as coalition government formed of Italy's two main populist parties‚Ä¶ https://t.co/74spmNB0eY,94
194,0.3182,2018-06-01 14:14:20+00:00,0.0,0.753,0.247,BBCWorld,"Trump tariffs: US wants 'free, fair trade' https://t.co/IuVXDD3Nm7",95
195,0.3612,2018-06-01 14:14:18+00:00,0.0,0.783,0.217,BBCWorld,Uganda to build 'Idi Amin museum' to attract tourists https://t.co/Pk4pXFm99d,96
196,-0.7845,2018-06-01 14:14:18+00:00,0.463,0.537,0.0,BBCWorld,Trump: Samantha Bee should be fired for Ivanka insult https://t.co/GUtKJpUPwM,97
197,0.0,2018-06-01 13:17:25+00:00,0.0,1.0,0.0,BBCWorld,"RT @bbcworldservice: After fleeing persecution in Eritrea, Pastor Daniel Habtey found himself delivering a baby on a sinking ship in the mi‚Ä¶",98
198,0.0,2018-06-01 13:11:21+00:00,0.0,1.0,0.0,BBCWorld,"""That individual is now a household name. He is a celebrity."" 
Florida students reignite debate on whether media is‚Ä¶ https://t.co/KtKu7hUYXI",99
199,-0.3818,2018-06-01 13:07:14+00:00,0.224,0.776,0.0,BBCWorld,RT @BBCAfrica: Tramadol emboldens vigilantes to fight Boko Haram https://t.co/f3xiT3dvuU,100
200,0.0,2018-06-04 02:18:05+00:00,0.0,1.0,0.0,CBSNews,Residents surrounded by lava on Hawaii's Big Island https://t.co/x23Tnj7uZ1 https://t.co/NDpfwc79J9,1
201,-0.8807,2018-06-04 02:00:56+00:00,0.375,0.625,0.0,CBSNews,"The eruption of Guatemala's Volcan de Fuego has killed at least six, injured 20, and forced 3,100 to evacuate‚Ä¶ https://t.co/DQxHbqy1mC",2
202,-0.7003,2018-06-04 01:40:37+00:00,0.362,0.638,0.0,CBSNews,A San Diego officer accidentally shot himself while pursuing a hit-and-run suspect brandishing a weapon was eventua‚Ä¶ https://t.co/0lW5wq4S6D,3
203,0.0,2018-06-04 01:20:36+00:00,0.0,1.0,0.0,CBSNews,"Delta Air Lines is ""conducting a thorough review of the situation"" after a Pomeranian on a flight from Newark to Ph‚Ä¶ https://t.co/yptBqi6CPL",4
204,-0.2023,2018-06-04 01:01:16+00:00,0.186,0.619,0.195,CBSNews,"Jury acquits deputy, awards $4 to family in wrongful death suit of 30-year-old father https://t.co/Ox6TNQdmbg https://t.co/79JaEc6iKC",5
205,-0.3612,2018-06-04 00:40:35+00:00,0.143,0.857,0.0,CBSNews,Indiana police officers gather for the high school graduation of the daughter of a fallen trooper‚Ä¶ https://t.co/NCJl207aYg,6
206,-0.34,2018-06-04 00:33:05+00:00,0.194,0.806,0.0,CBSNews,Brush fire forces thousands to evacuate parts of Southern California https://t.co/4LzRj0Rf6e,7
207,-0.5859,2018-06-04 00:20:35+00:00,0.16,0.84,0.0,CBSNews,"""It's not one person and then it stops"": Lara Logan breaks silence on her sexual assault during the Egyptian Revolu‚Ä¶ https://t.co/ZiC7I9xjJv",8
208,0.0,2018-06-04 00:18:06+00:00,0.0,1.0,0.0,CBSNews,"Fourth-grader's rendition of John Lennon's ""Imagine"" goes viral https://t.co/c26K8vFaee https://t.co/3xvCNtxJGq",9
209,0.0,2018-06-04 00:03:06+00:00,0.0,1.0,0.0,CBSNews,Music of the streets: New York City's public pianos https://t.co/y3yK0f4CK0 https://t.co/UtTaa3Gyxx,10
210,0.0,2018-06-04 00:00:56+00:00,0.0,1.0,0.0,CBSNews,Woman who went into labor during final exam graduates from Harvard Law School with her daughter in her arms‚Ä¶ https://t.co/Pku4PaN5I0,11
211,-0.3182,2018-06-03 23:48:04+00:00,0.204,0.796,0.0,CBSNews,"Remembering 1968: Robert F. Kennedy, and a generation's loss https://t.co/Iqkap0ukfn https://t.co/6pV5NHsY6I",12
212,0.0,2018-06-03 23:41:01+00:00,0.0,1.0,0.0,CBSNews,"""I'm an old dog, and this is a new trick"": Bill Clinton and James Patterson have co-authored a political thriller.‚Ä¶ https://t.co/zp5ykvgxwJ",13
213,0.0,2018-06-03 23:33:06+00:00,0.0,1.0,0.0,CBSNews,Roadside America: A tiny slice of Americana https://t.co/fLkaPdSaXu https://t.co/8HnBu63nqY,14
214,-0.296,2018-06-03 23:20:30+00:00,0.109,0.891,0.0,CBSNews,"Not your average graduating senior, WWII veteran Roland Martineau missed getting his diploma in 1942, and finally g‚Ä¶ https://t.co/RqdaZwOVmQ",15
215,-0.3875,2018-06-03 23:18:06+00:00,0.18,0.82,0.0,CBSNews,Jim Gaffigan on why he doesn't care about the Triple Crown https://t.co/Y94n9ZOhpA https://t.co/ChWa1kxAsn,16
216,0.0,2018-06-03 23:03:07+00:00,0.0,1.0,0.0,CBSNews,Bill Clinton and James Patterson co-author a political beach read https://t.co/mnHzkH507L https://t.co/ceFhuDkqCP,17
217,0.0,2018-06-03 23:01:02+00:00,0.083,0.833,0.083,CBSNews,"High school senior Tyler Solomon was moved to tears when his dad, who has been deployed overseas, surprised him at‚Ä¶ https://t.co/ieSaL2Pk3c",18
218,-0.5994,2018-06-03 22:44:40+00:00,0.163,0.837,0.0,CBSNews,"The war in Afghanistan is the longest in US history. After over 16 years, a trillion dollars and 2400 American live‚Ä¶ https://t.co/AJEhgD5IVI",19
219,0.0,2018-06-03 22:30:01+00:00,0.0,1.0,0.0,CBSNews,"Tonight on @60Minutes, meet Milwaukee Bucks star Giannis Antetokounmpo. Steve Kroft reports on the 23-year-old whos‚Ä¶ https://t.co/n1yKVJV93K",20
220,-0.7003,2018-06-03 22:14:48+00:00,0.286,0.714,0.0,CBSNews,"2 climbers died after falling from Yosemite National Park's El Capitan, which looms 3,000 feet above the floor of Y‚Ä¶ https://t.co/09wBAIkXe0",21
221,0.2263,2018-06-03 21:44:50+00:00,0.0,0.913,0.087,CBSNews,"Tonight, celebrity chef Jos√© Andr√©s has prepared more hot meals in Puerto Rico after Hurricane Maria than any of th‚Ä¶ https://t.co/Ocu6CR9EH0",22
222,0.0,2018-06-03 21:30:01+00:00,0.0,1.0,0.0,CBSNews,Watch NBA Finals 2018: Cleveland Cavaliers vs. Golden State Warriors for the fourth consecutive year‚Ä¶ https://t.co/8rmeHJVFAv,23
223,0.4191,2018-06-03 21:14:36+00:00,0.0,0.774,0.226,CBSNews,"Jimmy Fallon surprises Parkland students at high school graduation: ""Don't let anything stop you""‚Ä¶ https://t.co/MbLpAlhT9N",24
224,-0.7184,2018-06-03 21:12:40+00:00,0.316,0.684,0.0,CBSNews,"Woman held gun to head, fired shots near San Diego marathon, police say https://t.co/zp2Xosaaeg https://t.co/SPJ1cyimW4",25
225,-0.6124,2018-06-03 21:03:27+00:00,0.202,0.734,0.064,CBSNews,"Woman admitted to shooting and killing husband, says it was because he beat family cat, police say‚Ä¶ https://t.co/ZZPmyGZFSB",26
226,-0.4767,2018-06-03 20:40:44+00:00,0.237,0.763,0.0,CBSNews,Hang glider pilot dies in Idaho air show accident https://t.co/AlXgBl0PUQ https://t.co/bvrfnvMZ0V,27
227,-0.3182,2018-06-03 20:20:31+00:00,0.187,0.813,0.0,CBSNews,Remembering 1968: The loss of RFK fifty years ago https://t.co/3cZJURGRZN https://t.co/2g5mlSi8mD,28
228,0.0,2018-06-03 20:00:34+00:00,0.0,1.0,0.0,CBSNews,Woman who went into labor during final exam graduates from Harvard Law School with her daughter in her arms‚Ä¶ https://t.co/8dSfQgQbZO,29
229,0.4215,2018-06-03 19:41:43+00:00,0.0,0.865,0.135,CBSNews,"""You may say I'm a dreamer...""
This 10-year-old performed John Lennon's ""Imagine"" for his school talent show and a‚Ä¶ https://t.co/Qrhpn2XI8w",30
230,0.6908,2018-06-03 19:21:01+00:00,0.0,0.695,0.305,CBSNews,Stephen Stills and Judy Collins playing beautiful music together after breakup years ago https://t.co/huVOY3TTHp https://t.co/0vrjsmVBgr,31
231,0.0,2018-06-03 19:01:24+00:00,0.0,1.0,0.0,CBSNews,"One third of the Senate is up for election this year.
Here are seven Senate midterm elections you should watch out‚Ä¶ https://t.co/gL1txKxySU",32
232,0.0,2018-06-03 18:39:53+00:00,0.0,1.0,0.0,CBSNews,Former President Bill Clinton and the world's bestselling author James Patterson co-author a political thriller‚Ä¶ https://t.co/cSEtXfx79P,33
233,-0.0772,2018-06-03 18:20:58+00:00,0.106,0.894,0.0,CBSNews,FBI agent under investigation for accidental shooting at Denver nightclub https://t.co/dSpxmCiEC5 https://t.co/RN40AF71Sj,34
234,-0.2732,2018-06-03 17:59:50+00:00,0.13,0.87,0.0,CBSNews,Woman faces manslaughter charges after deadly hit-and-run at little league baseball field in Maine‚Ä¶ https://t.co/ELwPLNNfiI,35
235,-0.2023,2018-06-03 17:44:30+00:00,0.127,0.779,0.094,CBSNews,"Rep. Will Hurd says he thinks it would be a ""terrible move"" for President Trump to pardon himself. 

""I think peopl‚Ä¶ https://t.co/Z6UkRGwWgZ",36
236,-0.1027,2018-06-03 17:27:15+00:00,0.076,0.924,0.0,CBSNews,Who will pay for Kim Jong Un's hotel stay in Singapore during summit with President Trump? https://t.co/vwma70d4qg https://t.co/HgbBOdCAr3,37
237,0.4215,2018-06-03 17:01:20+00:00,0.0,0.823,0.177,CBSNews,"Fourth-grader's rendition of John Lennon's ""Imagine"" at school talent show goes viral https://t.co/B3D7QUCvtO https://t.co/kvzqTR9a1n",38
238,0.0,2018-06-03 16:59:39+00:00,0.0,1.0,0.0,CBSNews,North Korea experts' advice to President Trump: Keep summit as simple as possible https://t.co/Acudj31YOf https://t.co/UdtLZYezi1,39
239,-0.3818,2018-06-03 16:45:01+00:00,0.148,0.852,0.0,CBSNews,Rudy Giuliani adamant that President Trump would fight Mueller subpoena to testify in Russia probe‚Ä¶ https://t.co/KD7y72xKYa,40
240,-0.6433,2018-06-03 16:29:44+00:00,0.226,0.774,0.0,CBSNews,More than six in 10 women voters in battleground districts say the president does not respect or understand people‚Ä¶ https://t.co/sVwz3d4Le1,41
241,0.0,2018-06-03 16:14:47+00:00,0.0,1.0,0.0,CBSNews,"Rep. Will Hurd says GOP members have the votes to bring immigration bill to the House floor.

""Now is time to solve‚Ä¶ https://t.co/q4wgmiJwnd",42
242,0.0,2018-06-03 16:00:02+00:00,0.0,1.0,0.0,CBSNews,Single mom who went into labor during final exam graduates from Harvard Law School https://t.co/GgBj9FyMM3 https://t.co/tSt7ZXjSJ6,43
243,0.0,2018-06-03 15:44:31+00:00,0.0,1.0,0.0,CBSNews,"Ohio Gov. John Kasich says he is ""very, very concerned"" about North Korea summit, and the U.S. must be ""extremely c‚Ä¶ https://t.co/en3DRP869u",44
244,0.0,2018-06-03 15:29:51+00:00,0.0,1.0,0.0,CBSNews,"Kasich scolds GOP leaders for thinking ""they have to ask permission from the president to do anything."" (via‚Ä¶ https://t.co/RhcK8pjljf",45
245,-0.3182,2018-06-03 15:14:24+00:00,0.095,0.905,0.0,CBSNews,"""I have been frankly shocked at the fact that our leaders think they have to ask permission from the president to d‚Ä¶ https://t.co/n9OZmxtIga",46
246,-0.4019,2018-06-03 14:59:55+00:00,0.234,0.649,0.117,CBSNews,"CBS News Battleground Tracker: A closer look at the parties 

In battleground districts where control of House will‚Ä¶ https://t.co/Fv6yBCiwRU",47
247,-0.25,2018-06-03 14:44:41+00:00,0.132,0.784,0.083,CBSNews,"2018 CBS News Battleground Tracker: Big gender gap 

There is a big gender gap in competitive districts: Democrats‚Ä¶ https://t.co/lFkYQFjNQg",48
248,-0.4019,2018-06-03 14:36:25+00:00,0.13,0.87,0.0,CBSNews,"CBS News Battleground Tracker: The House is a toss-up 

CBS News' estimate is Democrats 219 - Republicans 216 in ti‚Ä¶ https://t.co/kIM8GDgNir",49
249,-0.2023,2018-06-03 14:14:39+00:00,0.107,0.893,0.0,CBSNews,Idaho teacher charged after allegedly feeding puppy to snapping turtle in front of students https://t.co/C8IPr0GleL https://t.co/cUF6gykk40,50
250,0.0,2018-06-03 14:01:02+00:00,0.0,1.0,0.0,CBSNews,"Small plane with 4 on board crashes off New York's Long Island, FAA says https://t.co/uBz5vcVBZd https://t.co/fw4rCfh2c2",51
251,-0.296,2018-06-03 13:40:34+00:00,0.237,0.591,0.172,CBSNews,"Many breast cancer patients can safely skip chemotherapy, major study finds https://t.co/Kcd2GeZe3j https://t.co/8gniV1gbQa",52
252,-0.6486,2018-06-03 13:20:53+00:00,0.202,0.798,0.0,CBSNews,Dog found dead inside cargo hold on Delta Airlines flight. He was an 8-year-old Pomeranian named Alejandro‚Ä¶ https://t.co/dBdq8En9Sq,53
253,-0.6249,2018-06-03 13:03:04+00:00,0.267,0.733,0.0,CBSNews,"Fire erupts at scrap yard in Oakland, California, that's had trouble in the past https://t.co/FgeIs2Snuy https://t.co/6LQShqw9vq",54
254,-0.875,2018-06-03 12:48:04+00:00,0.526,0.474,0.0,CBSNews,"Report: 14-year-old stabbed, killed after fight that started over sleepover https://t.co/Fzh8NupmWE https://t.co/4LMNSkBtsY",55
255,0.4019,2018-06-03 12:33:04+00:00,0.0,0.838,0.162,CBSNews,"Far-right party leader calls Nazi era a ""speck of bird poop"" in German history https://t.co/J4eOVWWiPN https://t.co/fTlwpj5rER",56
256,-0.8625,2018-06-03 12:18:05+00:00,0.462,0.538,0.0,CBSNews,U.S. citizen killed in Nicaragua amid violence and social unrest https://t.co/qpztwh5AKe https://t.co/sJZkd1qxDt,57
257,-0.7717,2018-06-03 12:03:04+00:00,0.309,0.691,0.0,CBSNews,"DNA from tissue in trash led to arrest in Golden State Killer case, records show https://t.co/bRiR2LYI7x https://t.co/ULMHh1Sv9k",58
258,0.0,2018-06-03 11:48:05+00:00,0.0,1.0,0.0,CBSNews,Ohio Governor John Kasich scolds GOP leaders for thinking ‚Äúthey have to ask permission from the president to do any‚Ä¶ https://t.co/gxEcambRce,59
259,0.0,2018-06-03 11:33:06+00:00,0.0,1.0,0.0,CBSNews,"Small plane with 4 on board crashes off New York's Long Island, FAA says https://t.co/oktGWB9b8q https://t.co/08flsJYLnZ",60
260,-0.34,2018-06-03 11:18:08+00:00,0.194,0.806,0.0,CBSNews,FBI agent's firearm accidentally discharges at Denver nightclub: police https://t.co/h2Oos8F3kf https://t.co/sOgO2Eglbd,61
261,0.0,2018-06-03 11:03:04+00:00,0.0,1.0,0.0,CBSNews,"Google result for Republican shows picture with ""BIGOT"" on it https://t.co/b9nCTgi1fL https://t.co/6CeQqRIOIR",62
262,0.0,2018-06-03 10:48:04+00:00,0.0,1.0,0.0,CBSNews,President Trump hints at longer path for North Korea to denuke https://t.co/rhd5rn8ffW https://t.co/NYDo9tvlp4,63
263,0.0,2018-06-03 10:33:04+00:00,0.0,1.0,0.0,CBSNews,"Why are deaths among U.S. kids, teens on the rise? https://t.co/it8apo5Lc0 https://t.co/LiTb9Cpxh3",64
264,-0.8555,2018-06-03 10:18:04+00:00,0.393,0.607,0.0,CBSNews,"Shooting death of Steven Pitt, forensic psychiatrist, linked to killings of two women https://t.co/XIPKIsWKIU https://t.co/DkZmyowwLc",65
265,0.5267,2018-06-03 10:03:05+00:00,0.0,0.746,0.254,CBSNews,"Cosby accuser Andrea Constand: ""I did it for justice"" https://t.co/t4Iqez7XYH https://t.co/yWDsM2zyMF",66
266,-0.8225,2018-06-03 09:48:04+00:00,0.487,0.513,0.0,CBSNews,Hang glider killed in Idaho air show accident https://t.co/enpQJwB6dy https://t.co/EYUMtKdV5S,67
267,-0.872,2018-06-03 09:33:04+00:00,0.524,0.476,0.0,CBSNews,"Four killed, seven injured in Oregon highway crash, police say https://t.co/ijsddWiVkP https://t.co/4jfZBVWt3h",68
268,-0.2732,2018-06-03 09:18:05+00:00,0.139,0.861,0.0,CBSNews,Woman faces manslaughter charges after deadly hit-and-run at baseball game in Maine https://t.co/oAv5Kn3F9x https://t.co/AiPuRoW1TE,69
269,0.4588,2018-06-03 09:03:05+00:00,0.0,0.786,0.214,CBSNews,"Roger Stone's former ""social media strategist"" testifies before grand jury https://t.co/4vnNieddUh https://t.co/GFth4De3Ot",70
270,-0.5994,2018-06-03 08:48:04+00:00,0.262,0.738,0.0,CBSNews,Search continues for 2 teens believed to have drowned in Georgia https://t.co/ZcCQfnKrYS https://t.co/8Khgv5e1DF,71
271,-0.875,2018-06-03 08:33:04+00:00,0.526,0.474,0.0,CBSNews,"Report: 14-year-old stabbed, killed after fight that started over sleepover https://t.co/soNqZ9Vf7w https://t.co/dkuCJRmNUp",72
272,-0.4404,2018-06-03 08:18:04+00:00,0.225,0.775,0.0,CBSNews,Mattis slams China over weapons in South China Sea https://t.co/FZ19wnvhF8 https://t.co/sR4ucRIz9p,73
273,0.0,2018-06-03 08:03:05+00:00,0.0,1.0,0.0,CBSNews,"Three space station fliers head home, three prep for launch https://t.co/r6ic4cJGVQ https://t.co/kQOkGY6EN4",74
274,-0.8625,2018-06-03 07:48:04+00:00,0.462,0.538,0.0,CBSNews,U.S. citizen killed in Nicaragua amid violence and social unrest https://t.co/BDA5RUt4zZ https://t.co/VmvMzf4V54,75
275,-0.1027,2018-06-03 07:33:04+00:00,0.104,0.896,0.0,CBSNews,Who will pay for King Jong Un's hotel stay in Singapore? https://t.co/MRoeTLsXA3 https://t.co/hP9wslODtg,76
276,0.0,2018-06-03 07:18:05+00:00,0.0,1.0,0.0,CBSNews,Pushing the envelope? Kim Jong Un's massive letter to President Trump https://t.co/y18wKCVUuv https://t.co/QV2CTVuLD1,77
277,0.2023,2018-06-03 07:03:04+00:00,0.0,0.847,0.153,CBSNews,Iowa judge agrees to halt fetal heartbeat abortion law https://t.co/dS87cm7Z7b https://t.co/FPdn1vJGcy,78
278,0.0,2018-06-03 06:48:06+00:00,0.0,1.0,0.0,CBSNews,"Small plane with 4 on board crashes off New York's Long Island, FAA says https://t.co/mNREjKjUmx https://t.co/jcmKQq2sfi",79
279,0.0,2018-06-03 06:33:04+00:00,0.0,1.0,0.0,CBSNews,President Trump hints at longer path for North Korea to denuke https://t.co/rhd5rn8ffW https://t.co/0Mq4RDKtWU,80
280,0.0,2018-06-03 06:18:04+00:00,0.0,1.0,0.0,CBSNews,"Why are deaths among U.S. kids, teens on the rise? https://t.co/KiUl4c0z7s https://t.co/LWtm7VMh0n",81
281,0.0,2018-06-03 06:03:04+00:00,0.0,1.0,0.0,CBSNews,The Dish: David C√°ceres' recipes from La Panader√≠a https://t.co/nKU7q8lK7v https://t.co/m7LmRu8io3,82
282,-0.8555,2018-06-03 05:48:04+00:00,0.393,0.607,0.0,CBSNews,"Shooting death of Steven Pitt, forensic psychiatrist, linked to killings of two women https://t.co/SG6nPJyZby https://t.co/ZjGr7vEVpv",83
283,-0.6341,2018-06-03 05:33:05+00:00,0.27,0.73,0.0,CBSNews,"Report: In memo to Mueller, Trump's lawyers argue he could not have obstructed justice https://t.co/zQxQVTbL7x https://t.co/qdHMse4zt6",84
284,-0.872,2018-06-03 05:18:05+00:00,0.524,0.476,0.0,CBSNews,"Four killed, seven injured in Oregon highway crash, police say https://t.co/8zsJyRpsXV https://t.co/Hd3PLRhqzo",85
285,-0.34,2018-06-03 05:03:06+00:00,0.194,0.806,0.0,CBSNews,Brush fire forces thousands to evacuate parts of Southern California https://t.co/71zNMZYNu9,86
286,0.0,2018-06-03 04:48:04+00:00,0.0,1.0,0.0,CBSNews,Police investigate deadly hit-and-run at baseball game in Maine https://t.co/V7lc3h2iCz https://t.co/iKEqTo9HGB,87
287,-0.5994,2018-06-03 04:33:04+00:00,0.262,0.738,0.0,CBSNews,Search continues for 2 teens believed to have drowned in Georgia https://t.co/lCRqkWmD1f https://t.co/QNgZ0GvY6z,88
288,-0.875,2018-06-03 04:18:04+00:00,0.526,0.474,0.0,CBSNews,"Report: 14-year-old stabbed, killed after fight that started over sleepover https://t.co/fBlpIdDAVu https://t.co/WJsQ804tvT",89
289,-0.6124,2018-06-03 04:03:05+00:00,0.327,0.545,0.129,CBSNews,"Chicago schools failed to protect students sexually abused by employees, report says https://t.co/B1uFRtT2MO https://t.co/qhCBNKI8TH",90
290,-0.296,2018-06-03 03:48:04+00:00,0.121,0.879,0.0,CBSNews,"Sheriff: Suspect in disappearance of Fla. mom has had 18 aliases, lived in 33 cities https://t.co/Sck0OybMEg https://t.co/1aWqD5lzBE",91
291,0.4939,2018-06-03 03:33:04+00:00,0.0,0.686,0.314,CBSNews,Benedict Cumberbatch praised for tackling mugger https://t.co/j6NLmaAJWO https://t.co/dh9dV8sh7Q,92
292,-0.1027,2018-06-03 03:18:04+00:00,0.104,0.896,0.0,CBSNews,Who will pay for King Jong Un's hotel stay in Singapore? https://t.co/MRoeTLsXA3 https://t.co/db6iTcti3K,93
293,-0.8625,2018-06-03 03:03:05+00:00,0.462,0.538,0.0,CBSNews,U.S. citizen killed in Nicaragua amid violence and social unrest https://t.co/6EsQdBLSa8 https://t.co/vAOVvyB8T5,94
294,0.0,2018-06-03 02:48:05+00:00,0.0,1.0,0.0,CBSNews,Santa Fe High School students graduate two weeks after deadly mass shooting https://t.co/hubWCfgeHj https://t.co/LJBOMPJNfM,95
295,0.0,2018-06-03 02:33:05+00:00,0.0,1.0,0.0,CBSNews,"Small plane with 4 on board crashes off New York's Long Island, FAA says https://t.co/mNREjKjUmx https://t.co/ihrVzsE2yO",96
296,0.0,2018-06-03 02:18:04+00:00,0.0,1.0,0.0,CBSNews,President Trump hints at longer path for North Korea to denuke https://t.co/rhd5rn8ffW https://t.co/mKcpss9fH1,97
297,0.1531,2018-06-03 02:03:03+00:00,0.0,0.909,0.091,CBSNews,"Attorney: $4 verdict meant to ""punish"" family of man shot by police in his garage https://t.co/IW0kmZ60cC https://t.co/L6YR53LSm6",98
298,-0.8225,2018-06-03 01:39:32+00:00,0.322,0.678,0.0,CBSNews,"Officials report a hang glider was killed in an accident at the ""Gunfighter Skies Air &amp; Space Celebration""‚Ä¶ https://t.co/4HmbdoRybM",99
299,-0.8225,2018-06-03 01:19:36+00:00,0.398,0.602,0.0,CBSNews,A driver faces manslaughter charges after she struck and killed a 68-year-old man at a Maine baseball field.‚Ä¶ https://t.co/h4Eb9D84JX,100
300,0.0,2018-06-04 02:07:33+00:00,0.0,1.0,0.0,nytimes,"RT @nickconfessore: NEW: After Cambridge Analytica, Facebook said it had long ago closed off the kind of broad data-sharing Cambridge used‚Ä¶",1
301,0.4767,2018-06-04 02:04:13+00:00,0.0,0.866,0.134,nytimes,"Facebook let Apple, Samsung and other device makers tap into the data of users and their friends, raising new conce‚Ä¶ https://t.co/MxhyDQbaGZ",2
302,0.6597,2018-06-04 01:59:02+00:00,0.0,0.795,0.205,nytimes,"RT @tarangoNYT: Democrats in Orange County, California, are counting on immigrants to  help the party pull off, if not quite a blue wave, t‚Ä¶",3
303,0.4588,2018-06-04 01:42:32+00:00,0.0,0.87,0.13,nytimes,"""Kanye West still has a streak of compassion and empathy, in the rare moments when he‚Äôs not thinking only of himsel‚Ä¶ https://t.co/CneahhQiG2",4
304,0.4019,2018-06-04 01:28:04+00:00,0.0,0.881,0.119,nytimes,"Read the full text of the letter sent by President Trump‚Äôs lawyers to the special counsel, Robert Mueller. Our repo‚Ä¶ https://t.co/PyATBcRlXV",5
305,0.4588,2018-06-04 01:12:02+00:00,0.125,0.607,0.268,nytimes,"The New York Times's summer reading list is here to browse:
 
Thrillers
Cooking 
True Crime
Movies &amp; TV
Romance
Tra‚Ä¶ https://t.co/p8h7Wse551",6
306,0.0,2018-06-04 01:01:31+00:00,0.0,1.0,0.0,nytimes,Slovenia Elections Tilt Another European Country to the Right https://t.co/TFunNGI03j,7
307,0.6486,2018-06-04 00:59:05+00:00,0.0,0.791,0.209,nytimes,"RT @mikiebarb: Tomorrow we begin a powerful five-part, week-long series on The Daily -- like nothing we've done before. It's about a city a‚Ä¶",8
308,0.0,2018-06-04 00:45:04+00:00,0.0,1.0,0.0,nytimes,"RT @NYTSports: Once again, @TheSteinLine and @BenHoffmanNYT bring you their view of the NBA finals in real time. https://t.co/Ls56JcfMOU",9
309,0.0,2018-06-04 00:33:56+00:00,0.0,1.0,0.0,nytimes,Why Is Trump ‚ÄòNot Important‚Äô in Mexico Election? All Candidates Are Against Him https://t.co/2u10DZyzrv,10
310,0.1027,2018-06-04 00:32:05+00:00,0.0,0.931,0.069,nytimes,"The New York Times review of ""The President Is Missing,"" a thriller and escapist fairy tale co-written by Bill Clin‚Ä¶ https://t.co/5Th4xtlMDL",11
311,-0.4767,2018-06-04 00:29:25+00:00,0.383,0.617,0.0,nytimes,The Shame in Puerto Rico https://t.co/GfovgSUXIe,12
312,0.0,2018-06-04 00:22:53+00:00,0.0,1.0,0.0,nytimes,"Young adults are not only marrying and having children later in life than previous generations, but taking more tim‚Ä¶ https://t.co/dO25Frw5jB",13
313,-0.4404,2018-06-04 00:05:38+00:00,0.148,0.786,0.066,nytimes,3 women say they were led to believe the film mogul Harvey Weinstein‚Äôs criminal defense firm wanted to represent th‚Ä¶ https://t.co/uPZ43CaPRH,14
314,0.4939,2018-06-03 23:50:01+00:00,0.0,0.862,0.138,nytimes,"""When you‚Äôre not sitting across from someone, you‚Äôre sitting across from the world."" The joys of a table for one in‚Ä¶ https://t.co/qyojCy4Jbs",15
315,0.5859,2018-06-03 23:33:57+00:00,0.0,0.725,0.275,nytimes,On Golf: Tiger Woods Didn‚Äôt Win Again. But He Will. https://t.co/BeSbKDoH9m,16
316,0.0,2018-06-03 23:15:36+00:00,0.0,1.0,0.0,nytimes,Show Us Your Wall: Andy Warhol in the Powder Room. Christopher Wool on the Floor. https://t.co/2wxCbQvsAb,17
317,0.2516,2018-06-03 23:13:21+00:00,0.071,0.809,0.119,nytimes,There are a few low-tech tricks that can make switching time zones and taking long haul flights a little easier https://t.co/e8pEcqppJu,18
318,-0.5106,2018-06-03 22:56:39+00:00,0.142,0.858,0.0,nytimes,"‚ÄúIf it was 5,000 dogs, there would be outrage. If it was 5,000 blonde-haired, blue-eyed women, there would be outra‚Ä¶ https://t.co/rhAvTLU7Xx",19
319,0.0,2018-06-03 22:40:07+00:00,0.0,1.0,0.0,nytimes,N.B.A. Finals 2018: Cavs vs. Warriors Game 2 Updates https://t.co/RwHYfYHo23,20
320,0.2263,2018-06-03 22:27:43+00:00,0.114,0.735,0.151,nytimes,A guilty pleasure for many children of the '90s: A personal pan pizza from Pizza Hut. What corporate delivery pie d‚Ä¶ https://t.co/DHDflBQHX5,21
321,-0.25,2018-06-03 22:09:45+00:00,0.667,0.333,0.0,nytimes,Alone https://t.co/G3zzMesQUR,22
322,-0.8225,2018-06-03 22:00:29+00:00,0.432,0.568,0.0,nytimes,A Soldier Died After Racist Hazing. Now His Story Is an Opera. https://t.co/7dHOsbvj6L,23
323,0.3818,2018-06-03 22:00:06+00:00,0.098,0.697,0.205,nytimes,"Sutton Foster: ""Some people are like, 'You sing?' I‚Äôm like, 'Yes, I sing.' It drives me crazy. It‚Äôs been fascinatin‚Ä¶ https://t.co/LPMF0SbInb",24
324,0.6808,2018-06-03 21:46:19+00:00,0.0,0.641,0.359,nytimes,Democrats Hope an Asian Influx Will Help Turn Orange County Blue https://t.co/CbKFAPnsc7,25
325,-0.5574,2018-06-03 21:45:04+00:00,0.153,0.847,0.0,nytimes,"After an already rickety launch, ‚ÄúSolo: A Star Wars Story‚Äù took a nose-dive at the box office in its second week in‚Ä¶ https://t.co/YB3U7nN12y",26
326,0.8225,2018-06-03 21:30:09+00:00,0.0,0.619,0.381,nytimes,"The economy is in a sweet spot, with steady growth and broad improvement in the labor market https://t.co/lnbaMQMJn7",27
327,0.0,2018-06-03 21:23:21+00:00,0.0,1.0,0.0,nytimes,"RT @marclacey: As California prepares to vote Tuesday, may I introduce our stellar team of NYT national correspondents based there: @adamna‚Ä¶",28
328,0.0,2018-06-03 21:15:06+00:00,0.0,1.0,0.0,nytimes,Here are some recommendations if you're wondering what to watch for the remainder of your weekend https://t.co/t90PQMmD9D,29
329,-0.1779,2018-06-03 21:07:06+00:00,0.091,0.909,0.0,nytimes,"‚ÄúSomething weird happened,‚Äù the president of the Yosemite Climbing Association said of the deadly fall. ‚ÄúThere‚Äôs no‚Ä¶ https://t.co/7ZRLy1P8FJ",30
330,0.1779,2018-06-03 21:00:10+00:00,0.0,0.909,0.091,nytimes,"Michael Lewis is part of a growing group of A-list authors bypassing print and releasing audiobook originals, hopin‚Ä¶ https://t.co/hom5zHaSrr",31
331,-0.7351,2018-06-03 20:51:06+00:00,0.323,0.677,0.0,nytimes,‚ÄúHere was Sherlock Holmes fighting off 4 attackers just round the corner from Baker Street.‚Äù https://t.co/RUl2gLJPNc,32
332,0.0,2018-06-03 20:45:10+00:00,0.0,1.0,0.0,nytimes,Here are some ideas for what to cook this week https://t.co/haDa1gX5yS,33
333,-0.34,2018-06-03 20:37:04+00:00,0.174,0.714,0.112,nytimes,"Nearly 4 years after the chokehold death of Eric Garner and vows of greater transparency, the disciplinary history‚Ä¶ https://t.co/G0ckyXzyXR",34
334,-0.3182,2018-06-03 20:30:12+00:00,0.095,0.905,0.0,nytimes,"How Marc Jacobs fell out of fashion: He left Louis Vuitton, shrunk his business, shut most of his stores and lost h‚Ä¶ https://t.co/wi2WV98nsj",35
335,0.0,2018-06-03 20:22:05+00:00,0.0,1.0,0.0,nytimes,"‚ÄúI wanted to cry,‚Äù said the chief of orthopedic service at a hospital in Afghanistan, where 7 children were brought‚Ä¶ https://t.co/oI62AFfbTw",36
336,0.802,2018-06-03 20:15:06+00:00,0.076,0.56,0.364,nytimes,"Disappear into a thriller, a romance, a cookbook or the great outdoors: Our summer reading guide has books for ever‚Ä¶ https://t.co/uWhmLeklN3",37
337,0.0,2018-06-03 20:00:17+00:00,0.0,1.0,0.0,nytimes,"In the absence of a customs union, every single one of the thousands of trucks that pass through the British port a‚Ä¶ https://t.co/ZRczelRCB9",38
338,-0.4404,2018-06-03 19:45:07+00:00,0.148,0.786,0.066,nytimes,3 women say they were led to believe the film mogul Harvey Weinstein‚Äôs criminal defense firm wanted to represent th‚Ä¶ https://t.co/9SKeoleTIZ,39
339,0.4588,2018-06-03 19:37:07+00:00,0.0,0.87,0.13,nytimes,"""Kanye West still has a streak of compassion and empathy, in the rare moments when he‚Äôs not thinking only of himsel‚Ä¶ https://t.co/rEeoa7jZ5w",40
340,-0.376,2018-06-03 19:30:01+00:00,0.145,0.855,0.0,nytimes,"Planning the details of the Tump-Kim summit is very, very tricky: Who will enter the room first? Who will pay for t‚Ä¶ https://t.co/safgULgK3j",41
341,-0.3612,2018-06-03 19:15:05+00:00,0.175,0.717,0.108,nytimes,Security officials said a boat had been packed with about 180 migrants. Dozens drowned when the boat capsized. https://t.co/TDcJobhcb3,42
342,-0.6486,2018-06-03 19:00:18+00:00,0.212,0.788,0.0,nytimes,"Steven Pitt, a high-profile forensic psychiatrist, was shot dead on Thursday. Less than 24 hours later, 2 paralegal‚Ä¶ https://t.co/Zy1uG2juvN",43
343,0.1027,2018-06-03 18:56:46+00:00,0.0,0.949,0.051,nytimes,"RT @melbournecoal: The NYT is on the ground in districts across CA as we await the primary. I‚Äôll be in CA-25, just north of LA, where 4 Dem‚Ä¶",44
344,-0.4404,2018-06-03 18:45:02+00:00,0.182,0.818,0.0,nytimes,"RT @Watching: Are you already mourning ""The Americans""? Here's what to watch next: https://t.co/l1VuxJGS6k",45
345,0.0,2018-06-03 18:30:11+00:00,0.0,1.0,0.0,nytimes,"In Opinion

Op-Ed contributor Steve Kettmann writes, ""California doesn‚Äôt just oppose Mr. Trump; it offers a better‚Ä¶ https://t.co/VPTf7Lv2JY",46
346,0.1531,2018-06-03 18:20:35+00:00,0.0,0.922,0.078,nytimes,"RT @amyfiscus: Even when dealers are caught selling guns illegally, they routinely go unpunished by the ATF. @AliWatkins scoop https://t.co‚Ä¶",47
347,-0.5256,2018-06-03 18:15:06+00:00,0.159,0.841,0.0,nytimes,It was Christmas Day when the 34-year-old woman acknowledged that something was really wrong. She realized she was‚Ä¶ https://t.co/MFg0zYKT3x,48
348,0.4404,2018-06-03 18:00:19+00:00,0.108,0.69,0.202,nytimes,Use your day off to catch up on some great reads you may have missed https://t.co/5F6T7xur5r,49
349,0.0,2018-06-03 17:45:07+00:00,0.0,1.0,0.0,nytimes,RT @marclacey: ¬øQuedarse o partir? Dos puertorrique√±as frente a una decisi√≥n https://t.co/RbZu1aWLxe via @nytimesES,50
350,0.2023,2018-06-03 17:30:14+00:00,0.0,0.833,0.167,nytimes,"Here are the week‚Äôs top stories, and a look ahead https://t.co/UR0Y41WK6r",51
351,-0.802,2018-06-03 17:15:12+00:00,0.286,0.714,0.0,nytimes,"The London police have blamed a bleak rap genre, drill, for a rise in violence. They've gotten YouTube to take down‚Ä¶ https://t.co/iR5NgPyLaF",52
352,-0.5106,2018-06-03 17:00:09+00:00,0.142,0.858,0.0,nytimes,"‚ÄúIf it was 5,000 dogs, there would be outrage. If it was 5,000 blonde-haired, blue-eyed women, there would be outra‚Ä¶ https://t.co/79qhh12yVB",53
353,0.4767,2018-06-03 16:45:08+00:00,0.0,0.846,0.154,nytimes,"In Opinion

Op-Ed columnist @MaureenDowd writes that Obama ""pushed aside his loyal vice president, who was consider‚Ä¶ https://t.co/RRwfLvDAAj",54
354,0.0,2018-06-03 16:30:03+00:00,0.0,1.0,0.0,nytimes,"RT @NYTSports: The Warriors' explosive third-quarter runs have become a phenomenon, and nobody knows quite what to make of it. But a closer‚Ä¶",55
355,0.3818,2018-06-03 16:15:06+00:00,0.0,0.88,0.12,nytimes,"On Saturday, Pedro S√°nchez was sworn in as Spain‚Äôs new prime minister, a stunning and rapid turnaround for a man wh‚Ä¶ https://t.co/jZSHt2632n",56
356,-0.7351,2018-06-03 16:00:09+00:00,0.286,0.616,0.098,nytimes,"‚ÄúHe told me nobody would help me, because I don‚Äôt have papers."" Reports of domestic violence and sexual assault in‚Ä¶ https://t.co/SLrX3XxChn",57
357,-0.2565,2018-06-03 15:45:05+00:00,0.213,0.663,0.124,nytimes,Beijing officials refused to pledge any additional purchases from the United States without an American agreement t‚Ä¶ https://t.co/gLfzlTqbVa,58
358,0.0,2018-06-03 15:30:16+00:00,0.0,1.0,0.0,nytimes,"If nothing else, Jon Tester is incautious, at least compared to most of the other Senate Democrats up for re-electi‚Ä¶ https://t.co/1H8ThOZLrm",59
359,0.0,2018-06-03 15:15:09+00:00,0.0,1.0,0.0,nytimes,"President Bashar al-Assad of Syria plans to visit North Korea‚Äôs leader, Kim Jong-un, the North‚Äôs state-run news med‚Ä¶ https://t.co/le82t3KpYc",60
360,0.7845,2018-06-03 15:00:08+00:00,0.0,0.669,0.331,nytimes,RT @marclacey: ‚ÄúEditor‚Äôs note: This article was published without a byline and photo credits to protect the journalist‚Äôs safety. ‚Äú https://‚Ä¶,61
361,-0.7269,2018-06-03 14:45:07+00:00,0.253,0.747,0.0,nytimes,Widely different estimates of Hurricane Maria‚Äôs death toll in Puerto Rico have led to confusion. Here is a guide to‚Ä¶ https://t.co/Ido3ZF11in,62
362,-0.6597,2018-06-03 14:30:02+00:00,0.196,0.804,0.0,nytimes,"Many women with breast cancer can skip chemotherapy, a study found. ‚ÄúWe can spare thousands and thousands of women‚Ä¶ https://t.co/TXDafLWE2D",63
363,0.0,2018-06-03 14:20:03+00:00,0.0,1.0,0.0,nytimes,"RT @marclacey: California is about to hold a key primary election that will affect the direction of the state, and the nation. To follow ou‚Ä¶",64
364,-0.3818,2018-06-03 14:12:01+00:00,0.126,0.874,0.0,nytimes,"A 20-page letter from President Trump's lawyers to Robert Mueller, obtained by The New York Times, argues that the‚Ä¶ https://t.co/ybw1yuh4Md",65
365,0.0,2018-06-03 13:57:04+00:00,0.0,1.0,0.0,nytimes,We invited a group of New York Times journalists who happen to possess the anatomy in question to pick apart the co‚Ä¶ https://t.co/o9IMFDmzmK,66
366,0.0,2018-06-03 13:39:38+00:00,0.0,1.0,0.0,nytimes,Assad Said to Plan Meeting With North Korea‚Äôs Leader https://t.co/Lfku9w7iWs,67
367,0.4939,2018-06-03 13:30:07+00:00,0.0,0.811,0.189,nytimes,Writers like Ada Calhoun and Michael Lewis are part of a growing group of A-list authors bypassing print and releas‚Ä¶ https://t.co/vNfOz6tiwD,68
368,0.0,2018-06-03 13:06:33+00:00,0.0,1.0,0.0,nytimes,"Pedro S√°nchez, Spain‚Äôs New Leader, Returns From the Political Wilderness https://t.co/BLmg6gtKqj",69
369,-0.34,2018-06-03 13:00:05+00:00,0.112,0.888,0.0,nytimes,Trump often points out that his predecessors left him the ‚Äúmess‚Äù of a nuclear-armed North Korea ‚Äî errors he vows no‚Ä¶ https://t.co/xN3F5jDRN3,70
370,0.0,2018-06-03 12:48:15+00:00,0.0,1.0,0.0,nytimes,The Californization of America https://t.co/Ic8wgrjwnB,71
371,0.4995,2018-06-03 12:30:06+00:00,0.0,0.818,0.182,nytimes,"Vancouver real estate is so expensive that politicians want to tax it into submission, and many homeowners are OK w‚Ä¶ https://t.co/WZ38GOGxhT",72
372,0.5106,2018-06-03 12:00:13+00:00,0.0,0.852,0.148,nytimes,"Scott Pruitt, who has reversed Obama-era EPA rules, enjoys cozy ties with a coal baron who got him a superfan exper‚Ä¶ https://t.co/lWerrCr42b",73
373,-0.3612,2018-06-03 11:45:30+00:00,0.254,0.578,0.168,nytimes,Good News for Women With Breast Cancer: Many Don‚Äôt Need Chemo https://t.co/L9or3uc4Is,74
374,0.0,2018-06-03 11:30:10+00:00,0.0,1.0,0.0,nytimes,This past week brought 2 developments that could prove pivotal in November for Senate Republicans  https://t.co/tLrn1nA5Mi,75
375,0.5994,2018-06-03 11:00:05+00:00,0.0,0.776,0.224,nytimes,The top candidates for California governor grapple with the popularity of Jerry Brown and their own indiscretions a‚Ä¶ https://t.co/QXlrM8epcL,76
376,0.4215,2018-06-03 10:52:43+00:00,0.0,0.781,0.219,nytimes,Saudi Arabia Names New Ministers Close to Powerful Crown Prince https://t.co/E1QekZjpCE,77
377,0.0,2018-06-03 10:38:30+00:00,0.0,1.0,0.0,nytimes,Encounters: This Harry Potter Uses a Bow and Arrow. Not a Wand. https://t.co/2KLyUDzJKw,78
378,0.0,2018-06-03 10:36:15+00:00,0.0,1.0,0.0,nytimes,"Sunday Routine: How Angela Goding, of MoMA PS1, Spends Her Sundays https://t.co/BDaXC9Lkdr",79
379,0.2716,2018-06-03 10:30:08+00:00,0.0,0.87,0.13,nytimes,Will a Canadian version of Donald Trump become leader of the country's most important province? https://t.co/i1gLYTDIsg,80
380,0.6369,2018-06-03 10:00:16+00:00,0.0,0.833,0.167,nytimes,"Pedro Markun once thought hacking Brazil‚Äôs political system was the best way to change it. Now, he wants to do more‚Ä¶ https://t.co/DIb3KpEtxn",81
381,-0.3182,2018-06-03 09:33:36+00:00,0.18,0.71,0.109,nytimes,"The author Malcolm Gladwell: ""I would release 95% of prisoners if I had the chance"" https://t.co/eSrFSbsoHc",82
382,-0.34,2018-06-03 09:16:43+00:00,0.112,0.888,0.0,nytimes,The work culture for families has been stubbornly slow to change in Washington. Meet the federal regulator who brin‚Ä¶ https://t.co/ln0ZRVntC8,83
383,0.0,2018-06-03 09:00:18+00:00,0.0,1.0,0.0,nytimes,The gear you‚Äôll need to survive in the wilderness. (Or your backyard.) https://t.co/AUQEtB08Im,84
384,-0.34,2018-06-03 08:42:13+00:00,0.146,0.854,0.0,nytimes,"Trilobites: Ladybugs, Aphids and the Toxic Combat That Might Be Happening in Your Garden https://t.co/OFiK5yf0JQ",85
385,-0.296,2018-06-03 08:27:09+00:00,0.099,0.901,0.0,nytimes,"An R-rated movie with Melissa McCarthy and a cast of puppets can use the tagline ""No Sesame. All Street."" For now.  https://t.co/bVG1KqEG1y",86
386,0.9001,2018-06-03 08:10:35+00:00,0.0,0.519,0.481,nytimes,"In this environment, free of goals, free of the promise of a new challenge, you become a true human animal https://t.co/wU2D3oLMi8",87
387,-0.5994,2018-06-03 07:53:31+00:00,0.255,0.637,0.109,nytimes,"The good, the bad and the ugly of college admissions in the U.S.: college-bound high school seniors tell all https://t.co/Jt7aEuI9Jm",88
388,0.5106,2018-06-03 07:36:56+00:00,0.0,0.858,0.142,nytimes,A reader who always wondered how her father survived the Holocaust found the answer in one of our obituaries. ‚ÄúI ha‚Ä¶ https://t.co/jdOwtN3UPV,89
389,0.0,2018-06-03 07:20:12+00:00,0.0,1.0,0.0,nytimes,"""What is the responsibility of a sibling for a sibling?"" https://t.co/yi7RoKC4a5",90
390,0.5719,2018-06-03 07:03:22+00:00,0.0,0.734,0.266,nytimes,"Egalitarian and sincere, Norway‚Äôs version of New Nordic cooking is frisky, witty and unpretentious https://t.co/qxsp1OZtaH",91
391,-0.0516,2018-06-03 06:46:33+00:00,0.196,0.616,0.188,nytimes,"Jonathan Kasdan on the romantic comedy that provided entree to ""Raiders,"" the highs and lows of his ""Star Wars"" wor‚Ä¶ https://t.co/az9BXVlhSV",92
392,-0.3182,2018-06-03 06:29:54+00:00,0.126,0.874,0.0,nytimes,"Summer, once the dumping ground of television, is now the season with a little something for everyone https://t.co/zah4CJYrIz",93
393,0.4767,2018-06-03 06:13:24+00:00,0.0,0.846,0.154,nytimes,"Bill Clinton: ""I wanted to become a politician because I was fascinated by people, policy and politics. I read book‚Ä¶ https://t.co/FibiADvaTo",94
394,0.0,2018-06-03 05:55:23+00:00,0.0,1.0,0.0,nytimes,Louder background music makes people choose less healthful foods https://t.co/8OBxjOMHUm,95
395,0.2263,2018-06-03 05:38:31+00:00,0.0,0.881,0.119,nytimes,"A photographer's 3-decade exploration of Hanoi, Vietnam, charts the city‚Äôs architectural, cultural and economic evo‚Ä¶ https://t.co/Svhe9pIiFh",96
396,0.0,2018-06-03 05:21:26+00:00,0.0,1.0,0.0,nytimes,"In @NYTOpinion 

Op-Ed Contributor Margaret Renkl writes, ""I don't know what these legislators are thinking. Maybe‚Ä¶ https://t.co/4lTN9bSdvG",97
397,0.3291,2018-06-03 05:03:44+00:00,0.0,0.821,0.179,nytimes,"""I want my son to feel the immediate ease I do when I walk into a room full of Southern voices, but I don‚Äôt want ot‚Ä¶ https://t.co/nYdLWa8F2z",98
398,0.0,2018-06-03 04:45:28+00:00,0.0,1.0,0.0,nytimes,"Young adults are not only marrying and having children later in life than previous generations, but taking more tim‚Ä¶ https://t.co/qeTRTtsRfg",99
399,-0.8442,2018-06-03 04:27:35+00:00,0.363,0.637,0.0,nytimes,"""The thought of either of my 2 sons harassing or assaulting another person, or being victims themselves, is enough‚Ä¶ https://t.co/jD5QFTmW10",100
400,0.5423,2018-06-04 02:19:13+00:00,0.0,0.811,0.189,FoxNews,".@DavidLimbaugh: ""We all start out with a presumption that the @FBI and @TheJusticeDept are honorable institutions.‚Ä¶ https://t.co/5YdymKvtK9",1
401,-0.6486,2018-06-04 02:04:00+00:00,0.212,0.788,0.0,FoxNews,"'Builder to the stars,' his wife among 4 reported dead after plane crashes off New York coast https://t.co/A5ZHAINqsz",2
402,-0.4215,2018-06-04 01:58:01+00:00,0.237,0.763,0.0,FoxNews,Gaza preschoolers seen performing mock execution of Israeli soldier https://t.co/d8V3NsFSxG,3
403,0.5859,2018-06-04 01:54:50+00:00,0.0,0.745,0.255,FoxNews,".@GovMikeHuckabee: 'Please, God, Let Nancy Pelosi Continue to Be the Voice of the Democratic Party' https://t.co/1zWZ3neFVH",4
404,0.0,2018-06-04 01:48:55+00:00,0.0,1.0,0.0,FoxNews,Homelessness by state. @NextRevFNC https://t.co/JkphdMznsF,5
405,-0.5719,2018-06-04 01:46:10+00:00,0.266,0.622,0.112,FoxNews,Indiana police officers support daughter of fallen trooper at graduation more than 10 years after his death https://t.co/RLo2QV4yK3,6
406,0.25,2018-06-04 01:36:18+00:00,0.0,0.889,0.111,FoxNews,".@BradSherman: ""Once we get comprehensive immigration reform, then California will fully cooperate. Why are we tryi‚Ä¶ https://t.co/UVpN6T1FvV",7
407,-0.7906,2018-06-04 01:31:55+00:00,0.304,0.696,0.0,FoxNews,".@GovernorDavis on immigration in California: ""The state has one obligation, to reduce crime. To get crime solved,‚Ä¶ https://t.co/2hrnxWy6X4",8
408,-0.4767,2018-06-04 01:22:47+00:00,0.275,0.611,0.115,FoxNews,".@AntonioSabatoJr: ""There's a difference between legal and illegal immigration."" @NextRevFNC https://t.co/97nm2kxvIo",9
409,0.3612,2018-06-04 01:16:12+00:00,0.0,0.878,0.122,FoxNews,".@KennedyNation on Russia probe: ""I think John Brennan, like James @Comey, they think they're saviors of these gild‚Ä¶ https://t.co/BRe4zHXYfq",10
410,0.0,2018-06-04 01:07:59+00:00,0.0,1.0,0.0,FoxNews,".@KennedyNation: ""There's always a disconnect between the way Washington sees the economy and the way families see‚Ä¶ https://t.co/fMdKTR67GY",11
411,-0.296,2018-06-04 00:59:25+00:00,0.167,0.833,0.0,FoxNews,"High school biology teacher, 34, accused of having sex with student https://t.co/1TNSKr6P6S",12
412,-0.6597,2018-06-04 00:53:00+00:00,0.351,0.649,0.0,FoxNews,Portland sees bloody fighting as Antifa activists storm Patriot Prayer rally https://t.co/KUondrTvuy,13
413,0.0,2018-06-04 00:46:00+00:00,0.0,1.0,0.0,FoxNews,Patriotic Business Pushes Back After Town Tells It to Remove 'Excessive' American Flags https://t.co/xdQLQoXMUI,14
414,0.3182,2018-06-04 00:41:00+00:00,0.0,0.839,0.161,FoxNews,OPINION: Here are ten ways to pray for our high school graduates  https://t.co/RNcYMNtV7K,15
415,-0.8176,2018-06-04 00:32:33+00:00,0.385,0.615,0.0,FoxNews,"Dallas woman says she killed husband for beating their pet cat, cops say https://t.co/xOMiV6fqIb",16
416,-0.4404,2018-06-04 00:22:25+00:00,0.34,0.503,0.157,FoxNews,"'Fight Club' author learns big reason why he's broke, apologizes https://t.co/1Ex6FK8BBZ",17
417,-0.5574,2018-06-04 00:17:15+00:00,0.286,0.714,0.0,FoxNews,'Solo: A Star Wars Story' plummeting at the box office https://t.co/9ANVkdsv65,18
418,-0.4404,2018-06-04 00:12:15+00:00,0.132,0.868,0.0,FoxNews,"RT @FoxNewsResearch: African-American Unemployment Rate:
‚Ä¢May 2010: 15.5%
‚Ä¢May 2011: 16.3%
‚Ä¢May 2012: 13.5%
‚Ä¢May 2013: 13.4%
‚Ä¢May 2014: 11.‚Ä¶",19
419,0.6369,2018-06-04 00:04:41+00:00,0.0,0.754,0.246,FoxNews,"RT @FoxNewsResearch: U.S. Share of Global Military Spending
‚Äî2017‚Äî
‚Ä¢Ranks as world's top spender
‚Ä¢$610 billion, 35% of global share
‚Ä¢Down f‚Ä¶",20
420,0.128,2018-06-03 23:59:06+00:00,0.0,0.824,0.176,FoxNews,Legal bare-knuckle boxing kicks off in Wyoming https://t.co/GVeQhrZmC5,21
421,-0.5423,2018-06-03 23:54:14+00:00,0.259,0.741,0.0,FoxNews,"Guatemala volcano kills at least 6, covers villages in ash https://t.co/P8GiPf4XJS",22
422,0.0,2018-06-03 23:48:34+00:00,0.0,1.0,0.0,FoxNews,".@larry_kudlow on NK summit: ""The key point is that we're sitting down. And the second key point is that the presid‚Ä¶ https://t.co/RB2obq3U66",23
423,-0.5096,2018-06-03 23:39:24+00:00,0.223,0.777,0.0,FoxNews,".@larry_kudlow on tariffs: ""If you don't have a level playing field, you can't operate free trade."" #FoxNewsSunday‚Ä¶ https://t.co/xaRSsCUxi4",24
424,0.3595,2018-06-03 23:39:00+00:00,0.0,0.849,0.151,FoxNews,MONDAY: @PressSec Sarah Sanders and @MarkLevinShow join @SeanHannity at 9p ET. Tune in! #Hannity https://t.co/KRHjcUfAdo,25
425,0.0,2018-06-03 23:18:00+00:00,0.0,1.0,0.0,FoxNews,.@Lavarbigballer has a message for @NFL players who disapprove of the national anthem policy ‚Äî stand up or get out.‚Ä¶ https://t.co/bvsrVr1XAc,26
426,0.1154,2018-06-03 23:12:02+00:00,0.0,0.925,0.075,FoxNews,".@CLewandowski_: ""@POTUS has offered to sit down with the Mueller investigators but he has said...they want to unde‚Ä¶ https://t.co/pmHg7lWqdF",27
427,0.5423,2018-06-03 22:55:08+00:00,0.152,0.464,0.384,FoxNews,"Despair, hope and drugs in America: Is anyone safe? https://t.co/efhC6Z0YJx",28
428,-0.8519,2018-06-03 22:49:46+00:00,0.41,0.537,0.054,FoxNews,Alabama death row inmate apparently commits suicide by hanging himself in jail cell https://t.co/cUmLPCZfvj,29
429,0.0,2018-06-03 22:39:42+00:00,0.0,1.0,0.0,FoxNews,Bill Clinton says impeachment hearings would have begun already if a Democrat were president  https://t.co/TWY3zf1R6R,30
430,0.0,2018-06-03 22:34:28+00:00,0.0,1.0,0.0,FoxNews,"#RoyalWedding expert 'Thomas J. Mace-Archer-Mills' is actually 'Tommy' from NY, reports say https://t.co/Lc2etr4Y3T",31
431,0.2732,2018-06-03 22:22:00+00:00,0.0,0.792,0.208,FoxNews,.@jimmyfallon gives surprise speech at Stoneman Douglas graduation https://t.co/B1x3Xe3gAQ,32
432,0.0,2018-06-03 22:15:00+00:00,0.0,1.0,0.0,FoxNews,Michael Goodwin: James Comey isn't above the law https://t.co/kxnW3mn3t1,33
433,-0.6249,2018-06-03 22:07:00+00:00,0.339,0.661,0.0,FoxNews,Sales for @MariahCarey's Vegas shows are 'a disaster'  https://t.co/eakfBAynqA,34
434,0.0,2018-06-03 21:58:00+00:00,0.0,1.0,0.0,FoxNews,.@dangainor: Roseanne Barr is off TV but Samantha Bee is still on -- just another example of the media‚Äôs double sta‚Ä¶ https://t.co/k0zJOYKFBV,35
435,0.3612,2018-06-03 21:49:00+00:00,0.0,0.884,0.116,FoxNews,".@JonHuntsman: ""@POTUS has stated before that he would like to get together with President Putin at some point and‚Ä¶ https://t.co/vFLvPFl61l",36
436,-0.5207,2018-06-03 21:42:12+00:00,0.204,0.796,0.0,FoxNews,"A young girl couldn't wait to greet her relative from the 4th Infantry Brigade Combat Team (Airborne), 25th Infantr‚Ä¶ https://t.co/YyaxfO0Swb",37
437,0.128,2018-06-03 21:40:00+00:00,0.143,0.683,0.174,FoxNews,Peggy Noonan: America‚Äôs lost faith in itself. We can bring it back https://t.co/GToL36Lo1U,38
438,0.0,2018-06-03 21:30:00+00:00,0.0,1.0,0.0,FoxNews,".@JonHuntsman: ""Every foreign policy pundit and analyst who would've been asked a few years ago never would've pred‚Ä¶ https://t.co/aHYUQ9LjRl",39
439,0.7096,2018-06-03 21:22:00+00:00,0.091,0.576,0.333,FoxNews,".@SpeakerBoehner: ""There is no Republican Party. There's a Trump Party. The Republican Party is kind of taking a na‚Ä¶ https://t.co/t6BB7dX92H",40
440,-0.2263,2018-06-03 21:16:21+00:00,0.128,0.872,0.0,FoxNews,LaVar Ball to NFL Protesters: Stand for the National Anthem or 'Get Out' https://t.co/AYm4GvFKj1,41
441,0.0,2018-06-03 21:04:43+00:00,0.0,1.0,0.0,FoxNews,".@newtgingrich: ""I would predict today we're closer to a red wave than a #bluewave in terms of the fall campaign."" https://t.co/9zNrDbRLrz",42
442,0.3262,2018-06-03 21:00:00+00:00,0.0,0.873,0.127,FoxNews,".@MariaBartiromo: ""We're talking about almost 5% economic growth - there is NOTHING that @NancyPelosi just said tha‚Ä¶ https://t.co/J8nyvBfZhG",43
443,0.7557,2018-06-03 21:00:00+00:00,0.0,0.707,0.293,FoxNews,‚ÄòDespair and Hope in America: Fox News Investigates‚Äô ‚Äì Watch this preview and don't miss part one of this special s‚Ä¶ https://t.co/UEGUdqxe7n,44
444,-0.5994,2018-06-03 20:57:21+00:00,0.308,0.692,0.0,FoxNews,".@BillClinton Pushes Back on Gillibrand Saying He Should've Resigned Over Lewinsky Scandal 
 https://t.co/4kE4PRGO5Y",45
445,0.0,2018-06-03 20:52:20+00:00,0.0,1.0,0.0,FoxNews,Three stranded in Kilauea lava zone are airlifted; cops cite 7 others for loitering near lava https://t.co/1g23BSVdGA,46
446,-0.2023,2018-06-03 20:45:36+00:00,0.107,0.893,0.0,FoxNews,"On ""Justice,"" Anthony @Scaramucci reflected on the controversial comments made by Samantha Bee against @IvankaTrump‚Ä¶ https://t.co/YTvgKpD0gr",47
447,0.2732,2018-06-03 20:45:22+00:00,0.0,0.896,0.104,FoxNews,"Jonathan Wachtel on North Korea: ""We could have a move toward having nuclear energy as an option for them.""‚Ä¶ https://t.co/fHiCDcmtP4",48
448,0.0,2018-06-03 20:38:33+00:00,0.0,1.0,0.0,FoxNews,"Jonathan Wachtel: ""The nuclear arsenal that Kim Jong Un has now is his life insurance."" https://t.co/PZcpa5sWSO https://t.co/w9jziej6ct",49
449,-0.6249,2018-06-03 20:36:40+00:00,0.332,0.537,0.132,FoxNews,Prostitutes and British tourists in violent clashes at notorious party resort in Spain https://t.co/wvZY80yD3o,50
450,-0.872,2018-06-03 20:25:30+00:00,0.476,0.524,0.0,FoxNews,Suspect arrested after gunfire heard near San Diego marathon; police say no ongoing threat https://t.co/osWYIuwc6H https://t.co/cAYUcCVzhM,51
451,0.0,2018-06-03 20:16:38+00:00,0.0,1.0,0.0,FoxNews,"Despite drop-ins by Alec Baldwin, Robert De Niro, Mississippi election season sees unexpected star: civility https://t.co/Dwg6cI0ReS",52
452,-0.0258,2018-06-03 20:05:17+00:00,0.154,0.697,0.149,FoxNews,".@DineshDSouza: ""My favorite term is the 'double jeopardy loophole' - so this basic Constitutional protection, Ed,‚Ä¶ https://t.co/mvQ27GnIkG",53
453,-0.6486,2018-06-03 19:53:57+00:00,0.306,0.694,0.0,FoxNews,BREAKING: Suspect arrested after shots heard near finish line of San Diego marathon https://t.co/iNx7E3VwAY,54
454,0.5106,2018-06-03 19:44:00+00:00,0.0,0.708,0.292,FoxNews,Maine police rescue a dozen ducklings from sewer grate https://t.co/mHTl5sJj1x,55
455,0.0,2018-06-03 19:38:00+00:00,0.0,1.0,0.0,FoxNews,"Remains of 8 veterans, long unclaimed, buried in San Antonio  https://t.co/1K6hmW1iaP",56
456,-0.6597,2018-06-03 19:31:06+00:00,0.306,0.694,0.0,FoxNews,"Many breast cancer patients can skip chemo, big study finds https://t.co/Ybfe9SItCf",57
457,-0.8176,2018-06-03 19:27:00+00:00,0.385,0.615,0.0,FoxNews,"Dallas woman says she killed husband for beating their pet cat, cops say https://t.co/ifDwufNs4s",58
458,-0.8316,2018-06-03 19:21:00+00:00,0.457,0.43,0.113,FoxNews,"Peter Navarro: ""No president has fought the war on poverty better than Donald J. Trump."" https://t.co/ANE9uICCZl",59
459,-0.4939,2018-06-03 19:15:01+00:00,0.242,0.758,0.0,FoxNews,San Diego marathon scare: Gunfire reported from rooftop overlooking race https://t.co/iNx7E3VwAY,60
460,-0.3612,2018-06-03 19:15:00+00:00,0.143,0.857,0.0,FoxNews,"On ""Justice,"" @RealCandaceO told @JudgeJeanine how difficult it is to be a conservative on campus today.‚Ä¶ https://t.co/OmHTQgUTpk",61
461,-0.9062,2018-06-03 19:10:25+00:00,0.653,0.347,0.0,FoxNews,Police hunt murder suspect in Connecticut mom's killing https://t.co/ERPKCcBc3d,62
462,0.4019,2018-06-03 19:04:06+00:00,0.0,0.881,0.119,FoxNews,".@brithume on NK summit: ""I think the president's seeming eagerness for all of this to go forward is a little troub‚Ä¶ https://t.co/BQgWhWVAIc",63
463,0.0,2018-06-03 19:00:21+00:00,0.0,1.0,0.0,FoxNews,".@larry_kudlow: ""In the world trade game, rule breaking is all over the place. That's why I think that the presiden‚Ä¶ https://t.co/O08Fq0HcML",64
464,0.0,2018-06-03 18:59:20+00:00,0.0,1.0,0.0,FoxNews,May jobs report. #FoxNewsSunday https://t.co/XIIaQOe6FA,65
465,0.3724,2018-06-03 18:56:10+00:00,0.0,0.862,0.138,FoxNews,".@larry_kudlow on tariffs: ""The NAFTA talks haven't broken down. We're still having those conversations. And we're‚Ä¶ https://t.co/lpIf0oleor",66
466,0.0,2018-06-03 18:56:00+00:00,0.0,1.0,0.0,FoxNews,President @realDonaldTrump's tariffs. #FoxNewsSunday https://t.co/3VOpeAr4uq,67
467,-0.5096,2018-06-03 18:53:12+00:00,0.223,0.777,0.0,FoxNews,".@larry_kudlow on tariffs: ""if you don't have a level playing field, you can't operate free trade."" #FoxNewsSunday‚Ä¶ https://t.co/AKp6N4lKH0",68
468,0.0,2018-06-03 18:51:11+00:00,0.0,1.0,0.0,FoxNews,.@newtgingrich: We're Closer to a 'Red Wave' Than a 'Blue Wave' in November https://t.co/LrJ2rP94jo,69
469,-0.3597,2018-06-03 18:50:08+00:00,0.135,0.865,0.0,FoxNews,".@larry_kudlow on tariffs: ""The World Trade Organization, which sets these rules, has been totally ineffectual. It‚Ä¶ https://t.co/4J0aWxCQp3",70
470,-0.5267,2018-06-03 18:49:02+00:00,0.224,0.691,0.085,FoxNews,".@larry_kudlow on tariff retaliation threats: ""This is a trade dispute, if you will. It can be solved if people wor‚Ä¶ https://t.co/3PpUplTxAM",71
471,0.6486,2018-06-03 18:46:52+00:00,0.0,0.69,0.31,FoxNews,".@larry_kudlow on tariffs: ""[@POTUS] has declared our steel industry a national security matter and he hopes throug‚Ä¶ https://t.co/AcOaSsJIL5",72
472,0.0,2018-06-03 18:44:21+00:00,0.0,1.0,0.0,FoxNews,"@larry_kudlow on NK summit: ""Now, as we head into the negotiations, I think the president is being very realistic a‚Ä¶ https://t.co/KuXXjYC7bW",73
473,-0.6124,2018-06-03 18:43:34+00:00,0.267,0.733,0.0,FoxNews,"After Roseanne's racist tweet, Obama ally Valerie Jarrett starts wooing voters https://t.co/NWJbG0Oaax",74
474,0.3595,2018-06-03 18:39:00+00:00,0.0,0.849,0.151,FoxNews,MONDAY: @PressSec Sarah Sanders and @MarkLevinShow join @SeanHannity at 9p ET. Tune in! #Hannity https://t.co/rHd4sahcys,75
475,0.0,2018-06-03 18:36:21+00:00,0.0,1.0,0.0,FoxNews,".@larry_kudlow on NK summit: ""The key point is that we're sitting down. And the second key point is that the presid‚Ä¶ https://t.co/AyXMO2idNl",76
476,0.0,2018-06-03 18:34:38+00:00,0.0,1.0,0.0,FoxNews,"On ""Sunday Morning Futures,"" Rep. @DevinNunes, a Republican from California, weighed on in Google, which came under‚Ä¶ https://t.co/xx73c5i32z",77
477,-0.6486,2018-06-03 18:30:30+00:00,0.249,0.751,0.0,FoxNews,Dog found dead in crate during Delta Air Lines layover for cross-country flight https://t.co/a3noVwIITC,78
478,0.6486,2018-06-03 18:29:17+00:00,0.0,0.657,0.343,FoxNews,".@CLewandowski_ on @POTUS' pardons: ""Under the Constitution, he has the legal authority to pardon anybody. That's a‚Ä¶ https://t.co/vIIhFd7asa",79
479,0.4215,2018-06-03 18:26:51+00:00,0.109,0.644,0.248,FoxNews,".@CLewandowski_: ""[President @realDonaldTrump] clearly respects the rule of law in the country. There's no question‚Ä¶ https://t.co/xR7ef4FAKJ",80
480,0.1154,2018-06-03 18:25:31+00:00,0.0,0.925,0.075,FoxNews,".@CLewandowski_: ""@POTUS has offered to sit down with the Mueller investigators but he has said...they want to unde‚Ä¶ https://t.co/l6KMXxyPmZ",81
481,0.7557,2018-06-03 18:23:00+00:00,0.0,0.695,0.305,FoxNews,"‚ÄòDespair and Hope in America: Fox News Investigates‚Äô ‚Äì Don't miss part one of this special series on ‚ÄòFox Report,‚Äô‚Ä¶ https://t.co/mcfNj4pofE",82
482,-0.296,2018-06-03 18:07:29+00:00,0.167,0.833,0.0,FoxNews,Idaho teacher accused of feeding live puppy to turtle faces charge https://t.co/EpND6hOisM,83
483,-0.296,2018-06-03 17:55:17+00:00,0.115,0.885,0.0,FoxNews,"Robert Mueller needs to 'man up,' avoid pulling 'another Comey' as Russia probe wraps up, Giuliani says https://t.co/fpgGFOr8hv",84
484,-0.3818,2018-06-03 17:42:24+00:00,0.12,0.88,0.0,FoxNews,".@RealCandaceO: ""You see so many students that are speaking out saying that their professors are upset with them fo‚Ä¶ https://t.co/hiZ0QV4gSH",85
485,0.0,2018-06-03 17:32:00+00:00,0.0,1.0,0.0,FoxNews,"""Last month, 200,000 more black Americans had jobs than they had the month before. Absolutely remarkable.""

On‚Ä¶ https://t.co/JbmpugFzFB",86
486,0.2263,2018-06-03 17:28:37+00:00,0.0,0.899,0.101,FoxNews,".@Scaramucci: ""What hasn't been mentioned all week is that President Clinton also pardoned his brother Roger Clinto‚Ä¶ https://t.co/NwjQAq0hCW",87
487,-0.7003,2018-06-03 17:26:40+00:00,0.326,0.674,0.0,FoxNews,Georgia cop fired after hitting suspect fleeing on foot with his patrol car https://t.co/xUjCCiJr38,88
488,0.0,2018-06-03 17:15:46+00:00,0.0,1.0,0.0,FoxNews,".@KellyannePolls: ""One eighth of our U.S. Circuit Court now includes a Trump judge."" https://t.co/QApBQwuHG8",89
489,0.128,2018-06-03 17:09:44+00:00,0.152,0.662,0.185,FoxNews,".@Peggynoonannyc: America‚Äôs lost faith in itself. We can bring it back
https://t.co/OKrBq90KYc",90
490,0.8126,2018-06-03 17:06:16+00:00,0.0,0.519,0.481,FoxNews,"Woman, childhood best friend are revealed to be half-siblings https://t.co/WHVft0PrH0",91
491,0.5707,2018-06-03 17:01:00+00:00,0.0,0.83,0.17,FoxNews,"TONIGHT: A brand new ""Life, Liberty, and Levin"" with @marklevinshow - Tune in at 10p ET on Fox News Channel! https://t.co/KcIyJeV36Z",92
492,-0.4404,2018-06-03 16:49:20+00:00,0.139,0.861,0.0,FoxNews,".@cvpayne: ""Last month, 76,000 blacks entered the labor force. The unemployment rate for black Americans went to an‚Ä¶ https://t.co/0o5Fp0Ke7T",93
493,0.0,2018-06-03 16:41:00+00:00,0.0,1.0,0.0,FoxNews,"On @NextRevFNC, @SteveHiltonx investigates Gov. Jerry Brown's policies and their effect on California. Tune in toni‚Ä¶ https://t.co/P2SpGanG8M",94
494,0.7096,2018-06-03 16:32:00+00:00,0.091,0.576,0.333,FoxNews,".@SpeakerBoehner: ""There is no Republican Party. There's a Trump Party. The Republican Party is kind of taking a na‚Ä¶ https://t.co/fr6L4MPCmb",95
495,-0.8176,2018-06-03 16:30:25+00:00,0.333,0.667,0.0,FoxNews,"'Builder to the stars,' his wife among 4 feared dead after plane crashes off New York coast https://t.co/ZoreukG5Yn",96
496,0.4939,2018-06-03 16:19:37+00:00,0.0,0.814,0.186,FoxNews,"On ""Sunday Morning Futures,"" @WhiteHouse Trade Policy Director Peter Navarro praised President @realDonaldTrump's e‚Ä¶ https://t.co/H2hR2LtS9D",97
497,0.7351,2018-06-03 16:14:02+00:00,0.0,0.492,0.508,FoxNews,".@NancyPelosi hits bonuses, tax benefits as ""crumbs."" https://t.co/zNcp4a2nBn",98
498,0.8176,2018-06-03 16:07:00+00:00,0.0,0.694,0.306,FoxNews,"The team you trust. The network you love.

Watch 'Hannity,' weeknights at 9p ET on Fox News Channel. https://t.co/7tl5PucYOi",99
499,-0.7096,2018-06-03 15:54:00+00:00,0.247,0.753,0.0,FoxNews,".@newtgingrich: ""Menendez in NJ is in trouble because of his scandals. I think we're very likely to pick up Florida‚Ä¶ https://t.co/BABYpgEew5",100
